Data,Horario,Time_Casa_Raw,Resultado,Time_Visitante_Raw,Data_Limpa,Data_API,Mes,Hora_Int,Turno,Posicao_Casa,Posicao_Visitante,Time_Casa,Time_Visitante,Gols_Casa,Gols_Visitante,Total_Gols,Vitoria_Casa,Vitoria_Visitante,Diferenca_Posicao,Estado_Casa,Regiao_Casa,Estado_Visitante,Regiao_Visitante,Temp_Max_Dia,Clima_Quente,Clima
sáb 29/03/25,18:30,São Paulo,0:0,Sport,2025-03-29,2025-03-29,3,18.0,Noite,,,São Paulo,Sport,0,0,0,0,0,,SP,Sudeste,PE,Nordeste,29.1,True,Quente (>= 28°C)
sáb 29/03/25,18:30,Cruzeiro,2:1,Mirassol,2025-03-29,2025-03-29,3,18.0,Noite,,,Cruzeiro,Mirassol,2,1,3,1,0,,MG,Sudeste,SP,Sudeste,27.7,False,Ameno (< 28°C)
sáb 29/03/25,18:30,Grêmio,2:1,Atlético-MG,2025-03-29,2025-03-29,3,18.0,Noite,,,Grêmio,Atlético-MG,2,1,3,1,0,,RS,Sul,MG,Sudeste,29.9,True,Quente (>= 28°C)
sáb 29/03/25,18:30,Fortaleza,2:0,Fluminense,2025-03-29,2025-03-29,3,18.0,Noite,,,Fortaleza,Fluminense,2,0,2,1,0,,CE,Nordeste,RJ,Sudeste,30.2,True,Quente (>= 28°C)
sáb 29/03/25,18:30,Juventude,2:0,Vitória,2025-03-29,2025-03-29,3,18.0,Noite,,,Juventude,Vitória,2,0,2,1,0,,RS,Sul,BA,Nordeste,29.9,True,Quente (>= 28°C)
sáb 29/03/25,21:00,Flamengo,1:1,Internacional,2025-03-29,2025-03-29,3,21.0,Noite,,,Flamengo,Internacional,1,1,2,0,0,,RJ,Sudeste,RS,Sul,30.8,True,Quente (>= 28°C)
dom 30/03/25,16:00,Palmeiras,0:0,Botafogo,2025-03-30,2025-03-30,3,16.0,Tarde,,,Palmeiras,Botafogo,0,0,0,0,0,,SP,Sudeste,RJ,Sudeste,29.6,True,Quente (>= 28°C)
dom 30/03/25,18:30,Vasco da Gama,2:1,Santos,2025-03-30,2025-03-30,3,18.0,Noite,,,Vasco da Gama,Santos,2,1,3,1,0,,RJ,Sudeste,SP,Sudeste,30.6,True,Quente (>= 28°C)
dom 30/03/25,20:00,Bahia,1:1,Corinthians,2025-03-30,2025-03-30,3,20.0,Noite,,,Bahia,Corinthians,1,1,2,0,0,,BA,Nordeste,SP,Sudeste,30.6,True,Quente (>= 28°C)
seg 31/03/25,20:00,Bragantino,2:2,Ceará,2025-03-31,2025-03-31,3,20.0,Noite,,,Bragantino,Ceará,2,2,4,0,0,,SP,Sudeste,CE,Nordeste,28.0,True,Quente (>= 28°C)
sáb 05/04/25,18:30,(9.)  Corinthians,3:0,Vasco da Gama  (5.),2025-04-05,2025-04-05,4,18.0,Noite,9.0,5.0,Corinthians,Vasco da Gama,3,0,3,1,0,4.0,SP,Sudeste,RJ,Sudeste,18.6,False,Ameno (< 28°C)
sáb 05/04/25,18:30,(7.)  Ceará,2:0,Grêmio  (4.),2025-04-05,2025-04-05,4,18.0,Noite,7.0,4.0,Ceará,Grêmio,2,0,2,1,0,3.0,CE,Nordeste,RS,Sul,28.9,True,Quente (>= 28°C)
sáb 05/04/25,21:00,(12.)  Botafogo,2:0,Juventude  (2.),2025-04-05,2025-04-05,4,21.0,Noite,12.0,2.0,Botafogo,Juventude,2,0,2,1,0,10.0,RJ,Sudeste,RS,Sul,24.5,False,Ameno (< 28°C)
dom 06/04/25,16:00,(19.)  Fluminense,2:1,Bragantino  (6.),2025-04-06,2025-04-06,4,16.0,Tarde,19.0,6.0,Fluminense,Bragantino,2,1,3,1,0,13.0,RJ,Sudeste,SP,Sudeste,23.7,False,Ameno (< 28°C)
dom 06/04/25,16:00,(16.)  Atlético-MG,0:0,São Paulo  (14.),2025-04-06,2025-04-06,4,16.0,Tarde,16.0,14.0,Atlético-MG,São Paulo,0,0,0,0,0,2.0,MG,Sudeste,SP,Sudeste,24.5,False,Ameno (< 28°C)
dom 06/04/25,18:30,(17.)  Mirassol,1:1,Fortaleza  (1.),2025-04-06,2025-04-06,4,18.0,Noite,17.0,1.0,Mirassol,Fortaleza,1,1,2,0,0,16.0,SP,Sudeste,CE,Nordeste,21.0,False,Ameno (< 28°C)
dom 06/04/25,18:30,(11.)  Internacional,3:0,Cruzeiro  (3.),2025-04-06,2025-04-06,4,18.0,Noite,11.0,3.0,Internacional,Cruzeiro,3,0,3,1,0,8.0,RS,Sul,MG,Sudeste,25.0,False,Ameno (< 28°C)
dom 06/04/25,18:30,(20.)  Vitória,1:2,Flamengo  (10.),2025-04-06,2025-04-06,4,18.0,Noite,20.0,10.0,Vitória,Flamengo,1,2,3,0,1,10.0,BA,Nordeste,RJ,Sudeste,29.9,True,Quente (>= 28°C)
dom 06/04/25,18:30,(15.)  Sport,1:2,Palmeiras  (13.),2025-04-06,2025-04-06,4,18.0,Noite,15.0,13.0,Sport,Palmeiras,1,2,3,0,1,2.0,PE,Nordeste,SP,Sudeste,30.2,True,Quente (>= 28°C)
dom 06/04/25,20:30,(18.)  Santos,2:2,Bahia  (8.),2025-04-06,2025-04-06,4,20.0,Noite,18.0,8.0,Santos,Bahia,2,2,4,0,0,10.0,SP,Sudeste,BA,Nordeste,21.0,False,Ameno (< 28°C)
sáb 12/04/25,16:00,(15.)  Bragantino,1:0,Botafogo  (5.),2025-04-12,2025-04-12,4,16.0,Tarde,15.0,5.0,Bragantino,Botafogo,1,0,1,1,0,10.0,SP,Sudeste,RJ,Sudeste,26.1,False,Ameno (< 28°C)
sáb 12/04/25,16:00,(8.)  Juventude,2:1,Ceará  (3.),2025-04-12,2025-04-12,4,16.0,Tarde,8.0,3.0,Juventude,Ceará,2,1,3,1,0,5.0,RS,Sul,CE,Nordeste,27.9,False,Ameno (< 28°C)
sáb 12/04/25,18:30,(7.)  Palmeiras,2:0,Corinthians  (1.),2025-04-12,2025-04-12,4,18.0,Noite,7.0,1.0,Palmeiras,Corinthians,2,0,2,1,0,6.0,SP,Sudeste,SP,Sudeste,26.1,False,Ameno (< 28°C)
sáb 12/04/25,21:00,(12.)  Vasco da Gama,3:1,Sport  (19.),2025-04-12,2025-04-12,4,21.0,Noite,12.0,19.0,Vasco da Gama,Sport,3,1,4,1,0,-7.0,RJ,Sudeste,PE,Nordeste,25.7,False,Ameno (< 28°C)
dom 13/04/25,16:00,(13.)  Bahia,1:1,Mirassol  (17.),2025-04-13,2025-04-13,4,16.0,Tarde,13.0,17.0,Bahia,Mirassol,1,1,2,0,0,-4.0,BA,Nordeste,SP,Sudeste,28.5,True,Quente (>= 28°C)
dom 13/04/25,17:30,(14.)  São Paulo,1:1,Cruzeiro  (11.),2025-04-13,2025-04-13,4,17.0,Tarde,14.0,11.0,São Paulo,Cruzeiro,1,1,2,0,0,3.0,SP,Sudeste,MG,Sudeste,28.2,True,Quente (>= 28°C)
dom 13/04/25,17:30,(10.)  Grêmio,0:2,Flamengo  (6.),2025-04-13,2025-04-13,4,17.0,Tarde,10.0,6.0,Grêmio,Flamengo,0,2,2,0,1,4.0,RS,Sul,RJ,Sudeste,23.4,False,Ameno (< 28°C)
dom 13/04/25,19:30,(9.)  Fluminense,1:0,Santos  (16.),2025-04-13,2025-04-13,4,19.0,Noite,9.0,16.0,Fluminense,Santos,1,0,1,1,0,-7.0,RJ,Sudeste,SP,Sudeste,27.9,False,Ameno (< 28°C)
dom 13/04/25,20:00,(4.)  Fortaleza,0:0,Internacional  (2.),2025-04-13,2025-04-13,4,20.0,Noite,4.0,2.0,Fortaleza,Internacional,0,0,0,0,0,2.0,CE,Nordeste,RS,Sul,29.7,True,Quente (>= 28°C)
dom 13/04/25,20:30,(18.)  Atlético-MG,2:2,Vitória  (20.),2025-04-13,2025-04-13,4,20.0,Noite,18.0,20.0,Atlético-MG,Vitória,2,2,4,0,0,-2.0,MG,Sudeste,BA,Nordeste,28.1,True,Quente (>= 28°C)
ter 15/04/25,21:30,(8.)  Ceará,2:1,Vasco da Gama  (4.),2025-04-15,2025-04-15,4,21.0,Noite,8.0,4.0,Ceará,Vasco da Gama,2,1,3,1,0,4.0,CE,Nordeste,RJ,Sudeste,30.0,True,Quente (>= 28°C)
qua 16/04/25,19:00,(10.)  Botafogo,2:2,São Paulo  (15.),2025-04-16,2025-04-16,4,19.0,Noite,10.0,15.0,Botafogo,São Paulo,2,2,4,0,0,-5.0,RJ,Sudeste,SP,Sudeste,26.1,False,Ameno (< 28°C)
qua 16/04/25,19:00,(17.)  Mirassol,4:1,Grêmio  (13.),2025-04-16,2025-04-16,4,19.0,Noite,17.0,13.0,Mirassol,Grêmio,4,1,5,1,0,4.0,SP,Sudeste,RS,Sul,25.5,False,Ameno (< 28°C)
qua 16/04/25,19:00,(20.)  Sport,0:1,Bragantino  (11.),2025-04-16,2025-04-16,4,19.0,Noite,20.0,11.0,Sport,Bragantino,0,1,1,0,1,9.0,PE,Nordeste,SP,Sudeste,31.5,True,Quente (>= 28°C)
qua 16/04/25,19:30,(9.)  Corinthians,0:2,Fluminense  (5.),2025-04-16,2025-04-16,4,19.0,Noite,9.0,5.0,Corinthians,Fluminense,0,2,2,0,1,4.0,SP,Sudeste,RJ,Sudeste,25.5,False,Ameno (< 28°C)
qua 16/04/25,19:30,(6.)  Internacional,0:1,Palmeiras  (2.),2025-04-16,2025-04-16,4,19.0,Noite,6.0,2.0,Internacional,Palmeiras,0,1,1,0,1,4.0,RS,Sul,SP,Sudeste,24.6,False,Ameno (< 28°C)
qua 16/04/25,21:30,(1.)  Flamengo,6:0,Juventude  (3.),2025-04-16,2025-04-16,4,21.0,Noite,1.0,3.0,Flamengo,Juventude,6,0,6,1,0,-2.0,RJ,Sudeste,RS,Sul,26.1,False,Ameno (< 28°C)
qua 16/04/25,21:30,(18.)  Santos,2:0,Atlético-MG  (16.),2025-04-16,2025-04-16,4,21.0,Noite,18.0,16.0,Santos,Atlético-MG,2,0,2,1,0,2.0,SP,Sudeste,MG,Sudeste,25.5,False,Ameno (< 28°C)
qua 16/04/25,21:30,(19.)  Vitória,2:1,Fortaleza  (7.),2025-04-16,2025-04-16,4,21.0,Noite,19.0,7.0,Vitória,Fortaleza,2,1,3,1,0,12.0,BA,Nordeste,CE,Nordeste,30.7,True,Quente (>= 28°C)
qui 17/04/25,21:30,(12.)  Cruzeiro,3:0,Bahia  (14.),2025-04-17,2025-04-17,4,21.0,Noite,12.0,14.0,Cruzeiro,Bahia,3,0,3,1,0,-2.0,MG,Sudeste,BA,Nordeste,25.5,False,Ameno (< 28°C)
sáb 19/04/25,16:00,(14.)  Corinthians,2:1,Sport  (20.),2025-04-19,2025-04-19,4,16.0,Tarde,14.0,20.0,Corinthians,Sport,2,1,3,1,0,-6.0,SP,Sudeste,PE,Nordeste,25.8,False,Ameno (< 28°C)
sáb 19/04/25,18:30,(7.)  Vasco da Gama,0:0,Flamengo  (1.),2025-04-19,2025-04-19,4,18.0,Noite,7.0,1.0,Vasco da Gama,Flamengo,0,0,0,0,0,6.0,RJ,Sudeste,RJ,Sudeste,29.4,True,Quente (>= 28°C)
sáb 19/04/25,21:00,(17.)  Grêmio,1:1,Internacional  (10.),2025-04-19,2025-04-19,4,21.0,Noite,17.0,10.0,Grêmio,Internacional,1,1,2,0,0,7.0,RS,Sul,RS,Sul,22.2,False,Ameno (< 28°C)
dom 20/04/25,11:00,(8.)  Juventude,2:2,Mirassol  (9.),2025-04-20,2025-04-20,4,11.0,Manhã,8.0,9.0,Juventude,Mirassol,2,2,4,0,0,-1.0,RS,Sul,SP,Sudeste,20.6,False,Ameno (< 28°C)
dom 20/04/25,16:00,(16.)  São Paulo,2:1,Santos  (13.),2025-04-20,2025-04-20,4,16.0,Tarde,16.0,13.0,São Paulo,Santos,2,1,3,1,0,3.0,SP,Sudeste,SP,Sudeste,22.9,False,Ameno (< 28°C)
dom 20/04/25,16:00,(19.)  Atlético-MG,1:0,Botafogo  (11.),2025-04-20,2025-04-20,4,16.0,Tarde,19.0,11.0,Atlético-MG,Botafogo,1,0,1,1,0,8.0,MG,Sudeste,RJ,Sudeste,26.3,False,Ameno (< 28°C)
dom 20/04/25,18:30,(3.)  Fluminense,1:1,Vitória  (15.),2025-04-20,2025-04-20,4,18.0,Noite,3.0,15.0,Fluminense,Vitória,1,1,2,0,0,-12.0,RJ,Sudeste,BA,Nordeste,25.2,False,Ameno (< 28°C)
dom 20/04/25,18:30,(12.)  Fortaleza,1:2,Palmeiras  (2.),2025-04-20,2025-04-20,4,18.0,Noite,12.0,2.0,Fortaleza,Palmeiras,1,2,3,0,1,10.0,CE,Nordeste,SP,Sudeste,28.8,True,Quente (>= 28°C)
dom 20/04/25,20:30,(6.)  Bragantino,1:0,Cruzeiro  (5.),2025-04-20,2025-04-20,4,20.0,Noite,6.0,5.0,Bragantino,Cruzeiro,1,0,1,1,0,1.0,SP,Sudeste,MG,Sudeste,22.9,False,Ameno (< 28°C)
seg 21/04/25,20:00,(18.)  Bahia,1:0,Ceará  (4.),2025-04-21,2025-04-21,4,20.0,Noite,18.0,4.0,Bahia,Ceará,1,0,1,1,0,14.0,BA,Nordeste,CE,Nordeste,30.3,True,Quente (>= 28°C)
sáb 26/04/25,16:00,(12.)  Internacional,3:1,Juventude  (9.),2025-04-26,2025-04-26,4,16.0,Tarde,12.0,9.0,Internacional,Juventude,3,1,4,1,0,3.0,RS,Sul,RS,Sul,27.6,False,Ameno (< 28°C)
sáb 26/04/25,18:30,(11.)  Mirassol,2:2,Atlético-MG  (17.),2025-04-26,2025-04-26,4,18.0,Noite,11.0,17.0,Mirassol,Atlético-MG,2,2,4,0,0,-6.0,SP,Sudeste,MG,Sudeste,24.8,False,Ameno (< 28°C)
sáb 26/04/25,18:30,(5.)  Ceará,1:1,São Paulo  (10.),2025-04-26,2025-04-26,4,18.0,Noite,5.0,10.0,Ceará,São Paulo,1,1,2,0,0,-5.0,CE,Nordeste,SP,Sudeste,30.3,True,Quente (>= 28°C)
sáb 26/04/25,20:00,(20.)  Sport,0:0,Fortaleza  (14.),2025-04-26,2025-04-26,4,20.0,Noite,20.0,14.0,Sport,Fortaleza,0,0,0,0,0,6.0,PE,Nordeste,CE,Nordeste,30.5,True,Quente (>= 28°C)
sáb 26/04/25,21:00,(15.)  Botafogo,2:0,Fluminense  (4.),2025-04-26,2025-04-26,4,21.0,Noite,15.0,4.0,Botafogo,Fluminense,2,0,2,1,0,11.0,RJ,Sudeste,RJ,Sudeste,26.8,False,Ameno (< 28°C)
dom 27/04/25,16:00,(2.)  Flamengo,4:0,Corinthians  (6.),2025-04-27,2025-04-27,4,16.0,Tarde,2.0,6.0,Flamengo,Corinthians,4,0,4,1,0,-4.0,RJ,Sudeste,SP,Sudeste,27.2,False,Ameno (< 28°C)
dom 27/04/25,18:30,(1.)  Palmeiras,0:1,Bahia  (13.),2025-04-27,2025-04-27,4,18.0,Noite,1.0,13.0,Palmeiras,Bahia,0,1,1,0,1,-12.0,SP,Sudeste,BA,Nordeste,25.6,False,Ameno (< 28°C)
dom 27/04/25,18:30,(7.)  Cruzeiro,1:0,Vasco da Gama  (8.),2025-04-27,2025-04-27,4,18.0,Noite,7.0,8.0,Cruzeiro,Vasco da Gama,1,0,1,1,0,-1.0,MG,Sudeste,RJ,Sudeste,26.3,False,Ameno (< 28°C)
dom 27/04/25,18:30,(16.)  Vitória,1:1,Grêmio  (19.),2025-04-27,2025-04-27,4,18.0,Noite,16.0,19.0,Vitória,Grêmio,1,1,2,0,0,-3.0,BA,Nordeste,RS,Sul,29.7,True,Quente (>= 28°C)
dom 27/04/25,20:30,(18.)  Santos,1:2,Bragantino  (3.),2025-04-27,2025-04-27,4,20.0,Noite,18.0,3.0,Santos,Bragantino,1,2,3,0,1,15.0,SP,Sudeste,SP,Sudeste,25.6,False,Ameno (< 28°C)
sex 02/05/25,21:30,(10.)  São Paulo,0:0,Fortaleza  (15.),2025-05-02,2025-05-02,5,21.0,Noite,10.0,15.0,São Paulo,Fortaleza,0,0,0,0,0,-5.0,SP,Sudeste,CE,Nordeste,23.5,False,Ameno (< 28°C)
sáb 03/05/25,18:30,(5.)  Fluminense,2:1,Sport  (20.),2025-05-03,2025-05-03,5,18.0,Noite,5.0,20.0,Fluminense,Sport,2,1,3,1,0,-15.0,RJ,Sudeste,PE,Nordeste,25.6,False,Ameno (< 28°C)
sáb 03/05/25,18:30,(12.)  Corinthians,4:2,Internacional  (6.),2025-05-03,2025-05-03,5,18.0,Noite,12.0,6.0,Corinthians,Internacional,4,2,6,1,0,6.0,SP,Sudeste,RS,Sul,25.5,False,Ameno (< 28°C)
sáb 03/05/25,18:30,(9.)  Ceará,1:0,Vitória  (16.),2025-05-03,2025-05-03,5,18.0,Noite,9.0,16.0,Ceará,Vitória,1,0,1,1,0,-7.0,CE,Nordeste,BA,Nordeste,30.9,True,Quente (>= 28°C)
sáb 03/05/25,21:00,(7.)  Bahia,1:0,Botafogo  (8.),2025-05-03,2025-05-03,5,21.0,Noite,7.0,8.0,Bahia,Botafogo,1,0,1,1,0,-1.0,BA,Nordeste,RJ,Sudeste,26.4,False,Ameno (< 28°C)
dom 04/05/25,16:00,(11.)  Vasco da Gama,0:1,Palmeiras  (2.),2025-05-04,2025-05-04,5,16.0,Tarde,11.0,2.0,Vasco da Gama,Palmeiras,0,1,1,0,1,9.0,RJ,Sudeste,SP,Sudeste,25.3,False,Ameno (< 28°C)
dom 04/05/25,16:00,(18.)  Grêmio,1:0,Santos  (19.),2025-05-04,2025-05-04,5,16.0,Tarde,18.0,19.0,Grêmio,Santos,1,0,1,1,0,-1.0,RS,Sul,SP,Sudeste,26.7,False,Ameno (< 28°C)
dom 04/05/25,18:30,(4.)  Cruzeiro,2:1,Flamengo  (1.),2025-05-04,2025-05-04,5,18.0,Noite,4.0,1.0,Cruzeiro,Flamengo,2,1,3,1,0,3.0,MG,Sudeste,RJ,Sudeste,23.3,False,Ameno (< 28°C)
seg 05/05/25,19:00,(3.)  Bragantino,1:0,Mirassol  (14.),2025-05-05,2025-05-05,5,19.0,Noite,3.0,14.0,Bragantino,Mirassol,1,0,1,1,0,-11.0,SP,Sudeste,SP,Sudeste,24.4,False,Ameno (< 28°C)
seg 05/05/25,20:00,(13.)  Juventude,0:1,Atlético-MG  (17.),2025-05-05,2025-05-05,5,20.0,Noite,13.0,17.0,Juventude,Atlético-MG,0,1,1,0,1,-4.0,RS,Sul,MG,Sudeste,27.8,False,Ameno (< 28°C)
sáb 10/05/25,16:00,(17.)  Fortaleza,5:0,Juventude  (15.),2025-05-10,2025-05-10,5,16.0,Tarde,17.0,15.0,Fortaleza,Juventude,5,0,5,1,0,2.0,CE,Nordeste,RS,Sul,29.4,True,Quente (>= 28°C)
sáb 10/05/25,18:30,(16.)  Mirassol,2:1,Corinthians  (8.),2025-05-10,2025-05-10,5,18.0,Noite,16.0,8.0,Mirassol,Corinthians,2,1,3,1,0,8.0,SP,Sudeste,SP,Sudeste,27.9,False,Ameno (< 28°C)
sáb 10/05/25,18:30,(13.)  Grêmio,1:1,Bragantino  (2.),2025-05-10,2025-05-10,5,18.0,Noite,13.0,2.0,Grêmio,Bragantino,1,1,2,0,0,11.0,RS,Sul,SP,Sudeste,22.3,False,Ameno (< 28°C)
sáb 10/05/25,18:30,(18.)  Vitória,2:1,Vasco da Gama  (14.),2025-05-10,2025-05-10,5,18.0,Noite,18.0,14.0,Vitória,Vasco da Gama,2,1,3,1,0,4.0,BA,Nordeste,RJ,Sudeste,28.3,True,Quente (>= 28°C)
sáb 10/05/25,21:00,(3.)  Flamengo,1:0,Bahia  (6.),2025-05-10,2025-05-10,5,21.0,Noite,3.0,6.0,Flamengo,Bahia,1,0,1,1,0,-3.0,RJ,Sudeste,BA,Nordeste,32.4,True,Quente (>= 28°C)
dom 11/05/25,16:00,(20.)  Sport,0:4,Cruzeiro  (4.),2025-05-11,2025-05-11,5,16.0,Tarde,20.0,4.0,Sport,Cruzeiro,0,4,4,0,1,16.0,PE,Nordeste,MG,Sudeste,30.0,True,Quente (>= 28°C)
dom 11/05/25,17:30,(1.)  Palmeiras,1:0,São Paulo  (11.),2025-05-11,2025-05-11,5,17.0,Tarde,1.0,11.0,Palmeiras,São Paulo,1,0,1,1,0,-10.0,SP,Sudeste,SP,Sudeste,18.0,False,Ameno (< 28°C)
dom 11/05/25,17:30,(10.)  Atlético-MG,3:2,Fluminense  (5.),2025-05-11,2025-05-11,5,17.0,Tarde,10.0,5.0,Atlético-MG,Fluminense,3,2,5,1,0,5.0,MG,Sudeste,RJ,Sudeste,26.8,False,Ameno (< 28°C)
dom 11/05/25,20:00,(12.)  Botafogo,4:0,Internacional  (9.),2025-05-11,2025-05-11,5,20.0,Noite,12.0,9.0,Botafogo,Internacional,4,0,4,1,0,3.0,RJ,Sudeste,RS,Sul,22.6,False,Ameno (< 28°C)
seg 12/05/25,20:00,(19.)  Santos,0:0,Ceará  (7.),2025-05-12,2025-05-12,5,20.0,Noite,19.0,7.0,Santos,Ceará,0,0,0,0,0,12.0,SP,Sudeste,CE,Nordeste,21.4,False,Ameno (< 28°C)
sáb 17/05/25,16:00,(6.)  Ceará,2:0,Sport  (20.),2025-05-17,2025-05-17,5,16.0,Tarde,6.0,20.0,Ceará,Sport,2,0,2,1,0,-14.0,CE,Nordeste,PE,Nordeste,29.6,True,Quente (>= 28°C)
sáb 17/05/25,18:30,(17.)  Vasco da Gama,3:0,Fortaleza  (11.),2025-05-17,2025-05-17,5,18.0,Noite,17.0,11.0,Vasco da Gama,Fortaleza,3,0,3,1,0,6.0,RJ,Sudeste,CE,Nordeste,26.1,False,Ameno (< 28°C)
sáb 17/05/25,21:00,(16.)  São Paulo,2:1,Grêmio  (15.),2025-05-17,2025-05-17,5,21.0,Noite,16.0,15.0,São Paulo,Grêmio,2,1,3,1,0,1.0,SP,Sudeste,RS,Sul,26.5,False,Ameno (< 28°C)
dom 18/05/25,16:00,(10.)  Corinthians,1:0,Santos  (19.),2025-05-18,2025-05-18,5,16.0,Tarde,10.0,19.0,Corinthians,Santos,1,0,1,1,0,-9.0,SP,Sudeste,SP,Sudeste,26.6,False,Ameno (< 28°C)
dom 18/05/25,16:00,(8.)  Bahia,2:1,Vitória  (14.),2025-05-18,2025-05-18,5,16.0,Tarde,8.0,14.0,Bahia,Vitória,2,1,3,1,0,-6.0,BA,Nordeste,BA,Nordeste,26.0,False,Ameno (< 28°C)
dom 18/05/25,16:00,(18.)  Juventude,1:1,Fluminense  (5.),2025-05-18,2025-05-18,5,16.0,Tarde,18.0,5.0,Juventude,Fluminense,1,1,2,0,0,13.0,RS,Sul,RJ,Sudeste,30.1,True,Quente (>= 28°C)
dom 18/05/25,18:30,(2.)  Flamengo,0:0,Botafogo  (9.),2025-05-18,2025-05-18,5,18.0,Noite,2.0,9.0,Flamengo,Botafogo,0,0,0,0,0,-7.0,RJ,Sudeste,RJ,Sudeste,28.0,True,Quente (>= 28°C)
dom 18/05/25,18:30,(3.)  Bragantino,1:2,Palmeiras  (1.),2025-05-18,2025-05-18,5,18.0,Noite,3.0,1.0,Bragantino,Palmeiras,1,2,3,0,1,2.0,SP,Sudeste,SP,Sudeste,26.6,False,Ameno (< 28°C)
dom 18/05/25,20:30,(4.)  Cruzeiro,0:0,Atlético-MG  (7.),2025-05-18,2025-05-18,5,20.0,Noite,4.0,7.0,Cruzeiro,Atlético-MG,0,0,0,0,0,-3.0,MG,Sudeste,MG,Sudeste,23.9,False,Ameno (< 28°C)
dom 18/05/25,20:30,(13.)  Internacional,1:1,Mirassol  (12.),2025-05-18,2025-05-18,5,20.0,Noite,13.0,12.0,Internacional,Mirassol,1,1,2,0,0,1.0,RS,Sul,SP,Sudeste,30.1,True,Quente (>= 28°C)
sáb 24/05/25,17:30,(7.)  Fluminense,2:1,Vasco da Gama  (13.),2025-05-24,2025-05-24,5,17.0,Tarde,7.0,13.0,Fluminense,Vasco da Gama,2,1,3,1,0,-6.0,RJ,Sudeste,RJ,Sudeste,23.2,False,Ameno (< 28°C)
sáb 24/05/25,17:30,(11.)  São Paulo,0:2,Mirassol  (12.),2025-05-24,2025-05-24,5,17.0,Tarde,11.0,12.0,São Paulo,Mirassol,0,2,2,0,1,-1.0,SP,Sudeste,SP,Sudeste,22.1,False,Ameno (< 28°C)
sáb 24/05/25,20:00,(9.)  Atlético-MG,0:0,Corinthians  (8.),2025-05-24,2025-05-24,5,20.0,Noite,9.0,8.0,Atlético-MG,Corinthians,0,0,0,0,0,1.0,MG,Sudeste,SP,Sudeste,24.8,False,Ameno (< 28°C)
dom 25/05/25,10:00,(17.)  Grêmio,1:0,Bahia  (6.),2025-05-25,2025-05-25,5,10.0,Manhã,17.0,6.0,Grêmio,Bahia,1,0,1,1,0,11.0,RS,Sul,BA,Nordeste,23.8,False,Ameno (< 28°C)
dom 25/05/25,15:00,(1.)  Palmeiras,0:2,Flamengo  (2.),2025-05-25,2025-05-25,5,15.0,Tarde,1.0,2.0,Palmeiras,Flamengo,0,2,2,0,1,-1.0,SP,Sudeste,RJ,Sudeste,25.5,False,Ameno (< 28°C)
dom 25/05/25,15:00,(20.)  Sport,1:1,Internacional  (15.),2025-05-25,2025-05-25,5,15.0,Tarde,20.0,15.0,Sport,Internacional,1,1,2,0,0,5.0,PE,Nordeste,RS,Sul,28.6,True,Quente (>= 28°C)
dom 25/05/25,17:30,(16.)  Vitória,0:1,Santos  (19.),2025-05-25,2025-05-25,5,17.0,Tarde,16.0,19.0,Vitória,Santos,0,1,1,0,1,-3.0,BA,Nordeste,SP,Sudeste,27.2,False,Ameno (< 28°C)
dom 25/05/25,19:30,(14.)  Fortaleza,0:2,Cruzeiro  (3.),2025-05-25,2025-05-25,5,19.0,Noite,14.0,3.0,Fortaleza,Cruzeiro,0,2,2,0,1,11.0,CE,Nordeste,MG,Sudeste,28.5,True,Quente (>= 28°C)
seg 26/05/25,19:00,(4.)  Bragantino,1:0,Juventude  (18.),2025-05-26,2025-05-26,5,19.0,Noite,4.0,18.0,Bragantino,Juventude,1,0,1,1,0,-14.0,SP,Sudeste,RS,Sul,26.0,False,Ameno (< 28°C)
qua 04/06/25,20:00,(10.)  Botafogo,3:2,Ceará  (5.),2025-06-04,2025-06-04,6,20.0,Noite,10.0,5.0,Botafogo,Ceará,3,2,5,1,0,5.0,RJ,Sudeste,CE,Nordeste,28.2,True,Quente (>= 28°C)
sáb 31/05/25,17:30,(8.)  Bahia,2:1,São Paulo  (13.),2025-05-31,2025-05-31,5,17.0,Tarde,8.0,13.0,Bahia,São Paulo,2,1,3,1,0,-5.0,BA,Nordeste,SP,Sudeste,27.7,False,Ameno (< 28°C)
sáb 31/05/25,20:00,(15.)  Vasco da Gama,0:2,Bragantino  (4.),2025-05-31,2025-05-31,5,20.0,Noite,15.0,4.0,Vasco da Gama,Bragantino,0,2,2,0,1,11.0,RJ,Sudeste,SP,Sudeste,22.9,False,Ameno (< 28°C)
dom 01/06/25,11:00,(10.)  Mirassol,1:0,Sport  (20.),2025-06-01,2025-06-01,6,11.0,Manhã,10.0,20.0,Mirassol,Sport,1,0,1,1,0,-10.0,SP,Sudeste,PE,Nordeste,23.4,False,Ameno (< 28°C)
dom 01/06/25,16:00,(18.)  Santos,0:1,Botafogo  (6.),2025-06-01,2025-06-01,6,16.0,Tarde,18.0,6.0,Santos,Botafogo,0,1,1,0,1,12.0,SP,Sudeste,RJ,Sudeste,23.4,False,Ameno (< 28°C)
dom 01/06/25,16:00,(19.)  Juventude,0:2,Grêmio  (12.),2025-06-01,2025-06-01,6,16.0,Tarde,19.0,12.0,Juventude,Grêmio,0,2,2,0,1,7.0,RS,Sul,RS,Sul,16.6,False,Ameno (< 28°C)
dom 01/06/25,18:30,(2.)  Flamengo,5:0,Fortaleza  (16.),2025-06-01,2025-06-01,6,18.0,Noite,2.0,16.0,Flamengo,Fortaleza,5,0,5,1,0,-14.0,RJ,Sudeste,CE,Nordeste,24.7,False,Ameno (< 28°C)
dom 01/06/25,18:30,(9.)  Corinthians,0:0,Vitória  (17.),2025-06-01,2025-06-01,6,18.0,Noite,9.0,17.0,Corinthians,Vitória,0,0,0,0,0,-8.0,SP,Sudeste,BA,Nordeste,23.4,False,Ameno (< 28°C)
dom 01/06/25,18:30,(7.)  Ceará,0:1,Atlético-MG  (11.),2025-06-01,2025-06-01,6,18.0,Noite,7.0,11.0,Ceará,Atlético-MG,0,1,1,0,1,-4.0,CE,Nordeste,MG,Sudeste,29.0,True,Quente (>= 28°C)
dom 01/06/25,19:30,(3.)  Cruzeiro,2:1,Palmeiras  (1.),2025-06-01,2025-06-01,6,19.0,Noite,3.0,1.0,Cruzeiro,Palmeiras,2,1,3,1,0,2.0,MG,Sudeste,SP,Sudeste,25.8,False,Ameno (< 28°C)
dom 01/06/25,20:30,(14.)  Internacional,0:2,Fluminense  (5.),2025-06-01,2025-06-01,6,20.0,Noite,14.0,5.0,Internacional,Fluminense,0,2,2,0,1,9.0,RS,Sul,RJ,Sudeste,16.6,False,Ameno (< 28°C)
qui 12/06/25,19:00,(3.)  Bragantino,0:3,Bahia  (7.),2025-06-12,2025-06-12,6,19.0,Noite,3.0,7.0,Bragantino,Bahia,0,3,3,0,1,-4.0,SP,Sudeste,BA,Nordeste,14.9,False,Ameno (< 28°C)
qui 12/06/25,19:00,(16.)  Vitória,0:0,Cruzeiro  (2.),2025-06-12,2025-06-12,6,19.0,Noite,16.0,2.0,Vitória,Cruzeiro,0,0,0,0,0,14.0,BA,Nordeste,MG,Sudeste,25.1,False,Ameno (< 28°C)
qui 12/06/25,19:30,(17.)  Fortaleza,2:3,Santos  (18.),2025-06-12,2025-06-12,6,19.0,Noite,17.0,18.0,Fortaleza,Santos,2,3,5,0,1,-1.0,CE,Nordeste,SP,Sudeste,29.9,True,Quente (>= 28°C)
qui 12/06/25,20:00,(12.)  Grêmio,1:1,Corinthians  (11.),2025-06-12,2025-06-12,6,20.0,Noite,12.0,11.0,Grêmio,Corinthians,1,1,2,0,0,1.0,RS,Sul,SP,Sudeste,18.7,False,Ameno (< 28°C)
qui 12/06/25,21:30,(13.)  São Paulo,1:3,Vasco da Gama  (15.),2025-06-12,2025-06-12,6,21.0,Noite,13.0,15.0,São Paulo,Vasco da Gama,1,3,4,0,1,-2.0,SP,Sudeste,RJ,Sudeste,14.9,False,Ameno (< 28°C)
qui 12/06/25,21:30,(9.)  Atlético-MG,2:0,Internacional  (14.),2025-06-12,2025-06-12,6,21.0,Noite,9.0,14.0,Atlético-MG,Internacional,2,0,2,1,0,-5.0,MG,Sudeste,RS,Sul,20.6,False,Ameno (< 28°C)
qua 17/09/25,19:30,(6.)  Botafogo,3:3,Mirassol  (8.),2025-09-17,2025-09-17,9,19.0,Noite,6.0,8.0,Botafogo,Mirassol,3,3,6,0,0,-2.0,RJ,Sudeste,SP,Sudeste,25.1,False,Ameno (< 28°C)
sáb 11/10/25,19:00,(4.)  Palmeiras,4:1,Juventude  (19.),2025-10-11,2025-10-11,10,19.0,Noite,4.0,19.0,Palmeiras,Juventude,4,1,5,1,0,-15.0,SP,Sudeste,RS,Sul,24.6,False,Ameno (< 28°C)
qua 29/10/25,19:00,(5.)  Fluminense,1:0,Ceará  (10.),2025-10-29,2025-10-29,10,19.0,Noite,5.0,10.0,Fluminense,Ceará,1,0,1,1,0,-5.0,RJ,Sudeste,CE,Nordeste,27.5,False,Ameno (< 28°C)
sáb 15/11/25,18:30,(20.)  Sport,1:5,Flamengo  (1.),2025-11-15,2025-11-15,11,18.0,Noite,20.0,1.0,Sport,Flamengo,1,5,6,0,1,19.0,PE,Nordeste,RJ,Sudeste,28.6,True,Quente (>= 28°C)
sáb 12/07/25,16:30,(1.)  Flamengo,2:0,São Paulo  (14.),2025-07-12,2025-07-12,7,16.0,Tarde,1.0,14.0,Flamengo,São Paulo,2,0,2,1,0,-13.0,RJ,Sudeste,SP,Sudeste,23.8,False,Ameno (< 28°C)
sáb 12/07/25,16:30,(17.)  Internacional,1:0,Vitória  (16.),2025-07-12,2025-07-12,7,16.0,Tarde,17.0,16.0,Internacional,Vitória,1,0,1,1,0,1.0,RS,Sul,BA,Nordeste,17.4,False,Ameno (< 28°C)
sáb 12/07/25,18:30,(13.)  Vasco da Gama,0:2,Botafogo  (8.),2025-07-12,2025-07-12,7,18.0,Noite,13.0,8.0,Vasco da Gama,Botafogo,0,2,2,0,1,5.0,RJ,Sudeste,RJ,Sudeste,23.8,False,Ameno (< 28°C)
sáb 12/07/25,21:00,(6.)  Bahia,2:1,Atlético-MG  (7.),2025-07-12,2025-07-12,7,21.0,Noite,6.0,7.0,Bahia,Atlético-MG,2,1,3,1,0,-1.0,BA,Nordeste,MG,Sudeste,25.0,False,Ameno (< 28°C)
dom 13/07/25,19:00,(10.)  Corinthians,1:2,Bragantino  (5.),2025-07-13,2025-07-13,7,19.0,Noite,10.0,5.0,Corinthians,Bragantino,1,2,3,0,1,5.0,SP,Sudeste,SP,Sudeste,22.5,False,Ameno (< 28°C)
dom 13/07/25,20:30,(3.)  Cruzeiro,4:1,Grêmio  (11.),2025-07-13,2025-07-13,7,20.0,Noite,3.0,11.0,Cruzeiro,Grêmio,4,1,5,1,0,-8.0,MG,Sudeste,RS,Sul,21.8,False,Ameno (< 28°C)
dom 13/07/25,20:30,(18.)  Fortaleza,0:1,Ceará  (12.),2025-07-13,2025-07-13,7,20.0,Noite,18.0,12.0,Fortaleza,Ceará,0,1,1,0,1,6.0,CE,Nordeste,CE,Nordeste,30.5,True,Quente (>= 28°C)
seg 14/07/25,20:00,(19.)  Juventude,2:0,Sport  (20.),2025-07-14,2025-07-14,7,20.0,Noite,19.0,20.0,Juventude,Sport,2,0,2,1,0,-1.0,RS,Sul,PE,Nordeste,20.9,False,Ameno (< 28°C)
qua 08/10/25,21:00,(9.)  Mirassol,2:1,Fluminense  (4.),2025-10-08,2025-10-08,10,21.0,Noite,9.0,4.0,Mirassol,Fluminense,2,1,3,1,0,5.0,SP,Sudeste,RJ,Sudeste,18.5,False,Ameno (< 28°C)
sáb 15/11/25,21:00,(15.)  Santos,1:0,Palmeiras  (2.),2025-11-15,2025-11-15,11,21.0,Noite,15.0,2.0,Santos,Palmeiras,1,0,1,1,0,13.0,SP,Sudeste,SP,Sudeste,25.2,False,Ameno (< 28°C)
qua 16/07/25,19:00,(4.)  Palmeiras,1:1,Mirassol  (8.),2025-07-16,2025-07-16,7,19.0,Noite,4.0,8.0,Palmeiras,Mirassol,1,1,2,0,0,-4.0,SP,Sudeste,SP,Sudeste,22.9,False,Ameno (< 28°C)
qua 16/07/25,19:30,(10.)  Ceará,0:1,Corinthians  (11.),2025-07-16,2025-07-16,7,19.0,Noite,10.0,11.0,Ceará,Corinthians,0,1,1,0,1,-1.0,CE,Nordeste,SP,Sudeste,31.4,True,Quente (>= 28°C)
qua 16/07/25,20:00,(13.)  Santos,1:0,Flamengo  (1.),2025-07-16,2025-07-16,7,20.0,Noite,13.0,1.0,Santos,Flamengo,1,0,1,1,0,12.0,SP,Sudeste,RJ,Sudeste,22.9,False,Ameno (< 28°C)
qua 16/07/25,21:30,(7.)  Botafogo,0:0,Vitória  (18.),2025-07-16,2025-07-16,7,21.0,Noite,7.0,18.0,Botafogo,Vitória,0,0,0,0,0,-11.0,RJ,Sudeste,BA,Nordeste,23.1,False,Ameno (< 28°C)
qua 16/07/25,21:30,(3.)  Bragantino,2:2,São Paulo  (16.),2025-07-16,2025-07-16,7,21.0,Noite,3.0,16.0,Bragantino,São Paulo,2,2,4,0,0,-13.0,SP,Sudeste,SP,Sudeste,22.9,False,Ameno (< 28°C)
qui 17/07/25,19:30,(6.)  Fluminense,0:2,Cruzeiro  (2.),2025-07-17,2025-07-17,7,19.0,Noite,6.0,2.0,Fluminense,Cruzeiro,0,2,2,0,1,4.0,RJ,Sudeste,MG,Sudeste,24.6,False,Ameno (< 28°C)
ter 29/07/25,20:30,(12.)  Grêmio,2:1,Fortaleza  (19.),2025-07-29,2025-07-29,7,20.0,Noite,12.0,19.0,Grêmio,Fortaleza,2,1,3,1,0,-7.0,RS,Sul,CE,Nordeste,15.9,False,Ameno (< 28°C)
qua 20/08/25,19:00,(17.)  Juventude,2:0,Vasco da Gama  (15.),2025-08-20,2025-08-20,8,19.0,Noite,17.0,15.0,Juventude,Vasco da Gama,2,0,2,1,0,2.0,RS,Sul,RJ,Sudeste,23.1,False,Ameno (< 28°C)
qua 08/10/25,19:00,(9.)  Atlético-MG,3:1,Sport  (20.),2025-10-08,2025-10-08,10,19.0,Noite,9.0,20.0,Atlético-MG,Sport,3,1,4,1,0,-11.0,MG,Sudeste,PE,Nordeste,28.5,True,Quente (>= 28°C)
qua 22/10/25,19:00,(5.)  Bahia,1:0,Internacional  (14.),2025-10-22,2025-10-22,10,19.0,Noite,5.0,14.0,Bahia,Internacional,1,0,1,1,0,-9.0,BA,Nordeste,RS,Sul,23.2,False,Ameno (< 28°C)
sáb 19/07/25,16:00,(19.)  Fortaleza,1:1,Bahia  (3.),2025-07-19,2025-07-19,7,16.0,Tarde,19.0,3.0,Fortaleza,Bahia,1,1,2,0,0,16.0,CE,Nordeste,BA,Nordeste,29.9,True,Quente (>= 28°C)
sáb 19/07/25,17:30,(16.)  Vasco da Gama,1:1,Grêmio  (11.),2025-07-19,2025-07-19,7,17.0,Tarde,16.0,11.0,Vasco da Gama,Grêmio,1,1,2,0,0,5.0,RJ,Sudeste,RS,Sul,21.7,False,Ameno (< 28°C)
sáb 19/07/25,18:30,(9.)  Mirassol,3:0,Santos  (13.),2025-07-19,2025-07-19,7,18.0,Noite,9.0,13.0,Mirassol,Santos,3,0,3,1,0,-4.0,SP,Sudeste,SP,Sudeste,20.5,False,Ameno (< 28°C)
sáb 19/07/25,21:00,(17.)  São Paulo,2:0,Corinthians  (10.),2025-07-19,2025-07-19,7,21.0,Noite,17.0,10.0,São Paulo,Corinthians,2,0,2,1,0,7.0,SP,Sudeste,SP,Sudeste,20.5,False,Ameno (< 28°C)
dom 20/07/25,11:00,(15.)  Internacional,1:0,Ceará  (12.),2025-07-20,2025-07-20,7,11.0,Manhã,15.0,12.0,Internacional,Ceará,1,0,1,1,0,3.0,RS,Sul,CE,Nordeste,20.0,False,Ameno (< 28°C)
dom 20/07/25,16:00,(2.)  Cruzeiro,4:0,Juventude  (14.),2025-07-20,2025-07-20,7,16.0,Tarde,2.0,14.0,Cruzeiro,Juventude,4,0,4,1,0,-12.0,MG,Sudeste,RS,Sul,23.4,False,Ameno (< 28°C)
dom 20/07/25,16:00,(18.)  Vitória,1:0,Bragantino  (4.),2025-07-20,2025-07-20,7,16.0,Tarde,18.0,4.0,Vitória,Bragantino,1,0,1,1,0,14.0,BA,Nordeste,SP,Sudeste,25.7,False,Ameno (< 28°C)
dom 20/07/25,17:30,(5.)  Palmeiras,3:2,Atlético-MG  (8.),2025-07-20,2025-07-20,7,17.0,Tarde,5.0,8.0,Palmeiras,Atlético-MG,3,2,5,1,0,-3.0,SP,Sudeste,MG,Sudeste,21.2,False,Ameno (< 28°C)
dom 20/07/25,17:30,(20.)  Sport,0:1,Botafogo  (7.),2025-07-20,2025-07-20,7,17.0,Tarde,20.0,7.0,Sport,Botafogo,0,1,1,0,1,13.0,PE,Nordeste,RJ,Sudeste,26.2,False,Ameno (< 28°C)
dom 20/07/25,19:30,(1.)  Flamengo,1:0,Fluminense  (6.),2025-07-20,2025-07-20,7,19.0,Noite,1.0,6.0,Flamengo,Fluminense,1,0,1,1,0,-5.0,RJ,Sudeste,RJ,Sudeste,22.3,False,Ameno (< 28°C)
qua 23/07/25,19:00,(8.)  Fluminense,1:2,Palmeiras  (3.),2025-07-23,2025-07-23,7,19.0,Noite,8.0,3.0,Fluminense,Palmeiras,1,2,3,0,1,5.0,RJ,Sudeste,SP,Sudeste,23.4,False,Ameno (< 28°C)
qua 23/07/25,19:00,(12.)  Ceará,0:2,Mirassol  (7.),2025-07-23,2025-07-23,7,19.0,Noite,12.0,7.0,Ceará,Mirassol,0,2,2,0,1,5.0,CE,Nordeste,SP,Sudeste,29.5,True,Quente (>= 28°C)
qua 23/07/25,19:30,(11.)  Corinthians,0:0,Cruzeiro  (2.),2025-07-23,2025-07-23,7,19.0,Noite,11.0,2.0,Corinthians,Cruzeiro,0,0,0,0,0,9.0,SP,Sudeste,MG,Sudeste,21.5,False,Ameno (< 28°C)
qua 23/07/25,21:30,(13.)  Santos,1:2,Internacional  (14.),2025-07-23,2025-07-23,7,21.0,Noite,13.0,14.0,Santos,Internacional,1,2,3,0,1,-1.0,SP,Sudeste,RS,Sul,21.5,False,Ameno (< 28°C)
qua 23/07/25,21:30,(5.)  Bragantino,1:2,Flamengo  (1.),2025-07-23,2025-07-23,7,21.0,Noite,5.0,1.0,Bragantino,Flamengo,1,2,3,0,1,4.0,SP,Sudeste,RJ,Sudeste,21.5,False,Ameno (< 28°C)
qua 23/07/25,21:30,(16.)  Vitória,2:2,Sport  (20.),2025-07-23,2025-07-23,7,21.0,Noite,16.0,20.0,Vitória,Sport,2,2,4,0,0,-4.0,BA,Nordeste,PE,Nordeste,24.9,False,Ameno (< 28°C)
qui 24/07/25,19:00,(18.)  Juventude,0:1,São Paulo  (15.),2025-07-24,2025-07-24,7,19.0,Noite,18.0,15.0,Juventude,São Paulo,0,1,1,0,1,3.0,RS,Sul,SP,Sudeste,17.7,False,Ameno (< 28°C)
qua 24/09/25,19:30,(17.)  Vasco da Gama,3:1,Bahia  (4.),2025-09-24,2025-09-24,9,19.0,Noite,17.0,4.0,Vasco da Gama,Bahia,3,1,4,1,0,13.0,RJ,Sudeste,BA,Nordeste,22.7,False,Ameno (< 28°C)
qua 24/09/25,19:30,(10.)  Grêmio,1:1,Botafogo  (6.),2025-09-24,2025-09-24,9,19.0,Noite,10.0,6.0,Grêmio,Botafogo,1,1,2,0,0,4.0,RS,Sul,RJ,Sudeste,21.2,False,Ameno (< 28°C)
qua 12/11/25,20:30,(9.)  Atlético-MG,3:3,Fortaleza  (19.),2025-11-12,2025-11-12,11,20.0,Noite,9.0,19.0,Atlético-MG,Fortaleza,3,3,6,0,0,-10.0,MG,Sudeste,CE,Nordeste,26.6,False,Ameno (< 28°C)
sáb 26/07/25,18:30,(7.)  Botafogo,1:1,Corinthians  (12.),2025-07-26,2025-07-26,7,18.0,Noite,7.0,12.0,Botafogo,Corinthians,1,1,2,0,0,-5.0,RJ,Sudeste,SP,Sudeste,22.9,False,Ameno (< 28°C)
sáb 26/07/25,18:30,(5.)  Mirassol,1:1,Vitória  (17.),2025-07-26,2025-07-26,7,18.0,Noite,5.0,17.0,Mirassol,Vitória,1,1,2,0,0,-12.0,SP,Sudeste,BA,Nordeste,23.8,False,Ameno (< 28°C)
sáb 26/07/25,18:30,(19.)  Fortaleza,3:1,Bragantino  (6.),2025-07-26,2025-07-26,7,18.0,Noite,19.0,6.0,Fortaleza,Bragantino,3,1,4,1,0,13.0,CE,Nordeste,SP,Sudeste,30.1,True,Quente (>= 28°C)
sáb 26/07/25,18:30,(20.)  Sport,2:2,Santos  (16.),2025-07-26,2025-07-26,7,18.0,Noite,20.0,16.0,Sport,Santos,2,2,4,0,0,4.0,PE,Nordeste,SP,Sudeste,27.2,False,Ameno (< 28°C)
sáb 26/07/25,21:00,(3.)  Palmeiras,1:0,Grêmio  (10.),2025-07-26,2025-07-26,7,21.0,Noite,3.0,10.0,Palmeiras,Grêmio,1,0,1,1,0,-7.0,SP,Sudeste,RS,Sul,23.8,False,Ameno (< 28°C)
dom 27/07/25,16:00,(13.)  São Paulo,3:1,Fluminense  (9.),2025-07-27,2025-07-27,7,16.0,Tarde,13.0,9.0,São Paulo,Fluminense,3,1,4,1,0,4.0,SP,Sudeste,RJ,Sudeste,26.5,False,Ameno (< 28°C)
dom 27/07/25,16:00,(2.)  Cruzeiro,1:2,Ceará  (14.),2025-07-27,2025-07-27,7,16.0,Tarde,2.0,14.0,Cruzeiro,Ceará,1,2,3,0,1,-12.0,MG,Sudeste,CE,Nordeste,24.4,False,Ameno (< 28°C)
dom 27/07/25,18:30,(11.)  Internacional,1:1,Vasco da Gama  (15.),2025-07-27,2025-07-27,7,18.0,Noite,11.0,15.0,Internacional,Vasco da Gama,1,1,2,0,0,-4.0,RS,Sul,RJ,Sudeste,15.7,False,Ameno (< 28°C)
dom 27/07/25,18:30,(4.)  Bahia,3:0,Juventude  (18.),2025-07-27,2025-07-27,7,18.0,Noite,4.0,18.0,Bahia,Juventude,3,0,3,1,0,-14.0,BA,Nordeste,RS,Sul,26.6,False,Ameno (< 28°C)
dom 27/07/25,20:30,(1.)  Flamengo,1:0,Atlético-MG  (8.),2025-07-27,2025-07-27,7,20.0,Noite,1.0,8.0,Flamengo,Atlético-MG,1,0,1,1,0,-7.0,RJ,Sudeste,MG,Sudeste,26.3,False,Ameno (< 28°C)
sáb 02/08/25,16:00,(20.)  Sport,0:0,Bahia  (4.),2025-08-02,2025-08-02,8,16.0,Tarde,20.0,4.0,Sport,Bahia,0,0,0,0,0,16.0,PE,Nordeste,BA,Nordeste,27.2,False,Ameno (< 28°C)
sáb 02/08/25,18:30,(5.)  Mirassol,3:2,Vasco da Gama  (15.),2025-08-02,2025-08-02,8,18.0,Noite,5.0,15.0,Mirassol,Vasco da Gama,3,2,5,1,0,-10.0,SP,Sudeste,RJ,Sudeste,26.3,False,Ameno (< 28°C)
sáb 02/08/25,21:00,(9.)  Fluminense,1:0,Grêmio  (14.),2025-08-02,2025-08-02,8,21.0,Noite,9.0,14.0,Fluminense,Grêmio,1,0,1,1,0,-5.0,RJ,Sudeste,RS,Sul,23.7,False,Ameno (< 28°C)
dom 03/08/25,16:00,(6.)  Botafogo,0:2,Cruzeiro  (3.),2025-08-03,2025-08-03,8,16.0,Tarde,6.0,3.0,Botafogo,Cruzeiro,0,2,2,0,1,3.0,RJ,Sudeste,MG,Sudeste,25.9,False,Ameno (< 28°C)
dom 03/08/25,16:00,(13.)  Corinthians,1:1,Fortaleza  (18.),2025-08-03,2025-08-03,8,16.0,Tarde,13.0,18.0,Corinthians,Fortaleza,1,1,2,0,0,-5.0,SP,Sudeste,CE,Nordeste,25.2,False,Ameno (< 28°C)
dom 03/08/25,18:30,(8.)  Atlético-MG,2:1,Bragantino  (7.),2025-08-03,2025-08-03,8,18.0,Noite,8.0,7.0,Atlético-MG,Bragantino,2,1,3,1,0,1.0,MG,Sudeste,SP,Sudeste,22.6,False,Ameno (< 28°C)
dom 03/08/25,18:30,(11.)  Ceará,1:1,Flamengo  (1.),2025-08-03,2025-08-03,8,18.0,Noite,11.0,1.0,Ceará,Flamengo,1,1,2,0,0,10.0,CE,Nordeste,RJ,Sudeste,30.1,True,Quente (>= 28°C)
dom 03/08/25,19:30,(17.)  Vitória,2:2,Palmeiras  (2.),2025-08-03,2025-08-03,8,19.0,Noite,17.0,2.0,Vitória,Palmeiras,2,2,4,0,0,15.0,BA,Nordeste,SP,Sudeste,26.1,False,Ameno (< 28°C)
dom 03/08/25,20:30,(12.)  Internacional,1:2,São Paulo  (10.),2025-08-03,2025-08-03,8,20.0,Noite,12.0,10.0,Internacional,São Paulo,1,2,3,0,1,2.0,RS,Sul,SP,Sudeste,21.0,False,Ameno (< 28°C)
seg 04/08/25,20:00,(16.)  Santos,3:1,Juventude  (19.),2025-08-04,2025-08-04,8,20.0,Noite,16.0,19.0,Santos,Juventude,3,1,4,1,0,-3.0,SP,Sudeste,RS,Sul,22.5,False,Ameno (< 28°C)
sáb 09/08/25,18:30,(1.)  Flamengo,2:1,Mirassol  (5.),2025-08-09,2025-08-09,8,18.0,Noite,1.0,5.0,Flamengo,Mirassol,2,1,3,1,0,-4.0,RJ,Sudeste,SP,Sudeste,20.3,False,Ameno (< 28°C)
sáb 09/08/25,18:30,(10.)  São Paulo,2:0,Vitória  (17.),2025-08-09,2025-08-09,8,18.0,Noite,10.0,17.0,São Paulo,Vitória,2,0,2,1,0,-7.0,SP,Sudeste,BA,Nordeste,18.2,False,Ameno (< 28°C)
sáb 09/08/25,18:30,(7.)  Bragantino,1:3,Internacional  (14.),2025-08-09,2025-08-09,8,18.0,Noite,7.0,14.0,Bragantino,Internacional,1,3,4,0,1,-7.0,SP,Sudeste,RS,Sul,18.2,False,Ameno (< 28°C)
sáb 09/08/25,20:30,(18.)  Fortaleza,0:5,Botafogo  (6.),2025-08-09,2025-08-09,8,20.0,Noite,18.0,6.0,Fortaleza,Botafogo,0,5,5,0,1,12.0,CE,Nordeste,RJ,Sudeste,30.1,True,Quente (>= 28°C)
sáb 09/08/25,21:00,(4.)  Bahia,3:3,Fluminense  (9.),2025-08-09,2025-08-09,8,21.0,Noite,4.0,9.0,Bahia,Fluminense,3,3,6,0,0,-5.0,BA,Nordeste,RJ,Sudeste,26.9,False,Ameno (< 28°C)
dom 10/08/25,16:00,(16.)  Vasco da Gama,1:1,Atlético-MG  (8.),2025-08-10,2025-08-10,8,16.0,Tarde,16.0,8.0,Vasco da Gama,Atlético-MG,1,1,2,0,0,8.0,RJ,Sudeste,MG,Sudeste,20.1,False,Ameno (< 28°C)
dom 10/08/25,16:00,(3.)  Palmeiras,2:1,Ceará  (11.),2025-08-10,2025-08-10,8,16.0,Tarde,3.0,11.0,Palmeiras,Ceará,2,1,3,1,0,-8.0,SP,Sudeste,CE,Nordeste,15.1,False,Ameno (< 28°C)
dom 10/08/25,18:30,(2.)  Cruzeiro,1:2,Santos  (13.),2025-08-10,2025-08-10,8,18.0,Noite,2.0,13.0,Cruzeiro,Santos,1,2,3,0,1,-11.0,MG,Sudeste,SP,Sudeste,24.5,False,Ameno (< 28°C)
dom 10/08/25,20:30,(15.)  Grêmio,0:1,Sport  (20.),2025-08-10,2025-08-10,8,20.0,Noite,15.0,20.0,Grêmio,Sport,0,1,1,0,1,-5.0,RS,Sul,PE,Nordeste,16.9,False,Ameno (< 28°C)
seg 11/08/25,20:00,(19.)  Juventude,2:1,Corinthians  (12.),2025-08-11,2025-08-11,8,20.0,Noite,19.0,12.0,Juventude,Corinthians,2,1,3,1,0,7.0,RS,Sul,SP,Sudeste,17.1,False,Ameno (< 28°C)
sáb 16/08/25,16:00,(9.)  Fluminense,2:1,Fortaleza  (19.),2025-08-16,2025-08-16,8,16.0,Tarde,9.0,19.0,Fluminense,Fortaleza,2,1,3,1,0,-10.0,RJ,Sudeste,CE,Nordeste,22.0,False,Ameno (< 28°C)
sáb 16/08/25,16:00,(13.)  Ceará,1:0,Bragantino  (10.),2025-08-16,2025-08-16,8,16.0,Tarde,13.0,10.0,Ceará,Bragantino,1,0,1,1,0,3.0,CE,Nordeste,SP,Sudeste,29.5,True,Quente (>= 28°C)
sáb 16/08/25,18:30,(17.)  Vitória,2:2,Juventude  (18.),2025-08-16,2025-08-16,8,18.0,Noite,17.0,18.0,Vitória,Juventude,2,2,4,0,0,-1.0,BA,Nordeste,RS,Sul,24.8,False,Ameno (< 28°C)
sáb 16/08/25,18:30,(20.)  Sport,2:2,São Paulo  (8.),2025-08-16,2025-08-16,8,18.0,Noite,20.0,8.0,Sport,São Paulo,2,2,4,0,0,12.0,PE,Nordeste,SP,Sudeste,26.0,False,Ameno (< 28°C)
sáb 16/08/25,21:00,(14.)  Corinthians,1:2,Bahia  (4.),2025-08-16,2025-08-16,8,21.0,Noite,14.0,4.0,Corinthians,Bahia,1,2,3,0,1,10.0,SP,Sudeste,BA,Nordeste,23.4,False,Ameno (< 28°C)
dom 17/08/25,16:00,(11.)  Santos,0:6,Vasco da Gama  (16.),2025-08-17,2025-08-17,8,16.0,Tarde,11.0,16.0,Santos,Vasco da Gama,0,6,6,0,1,-5.0,SP,Sudeste,RJ,Sudeste,25.5,False,Ameno (< 28°C)
dom 17/08/25,16:00,(7.)  Atlético-MG,1:3,Grêmio  (15.),2025-08-17,2025-08-17,8,16.0,Tarde,7.0,15.0,Atlético-MG,Grêmio,1,3,4,0,1,-8.0,MG,Sudeste,RS,Sul,26.7,False,Ameno (< 28°C)
dom 17/08/25,18:30,(12.)  Internacional,1:3,Flamengo  (1.),2025-08-17,2025-08-17,8,18.0,Noite,12.0,1.0,Internacional,Flamengo,1,3,4,0,1,11.0,RS,Sul,RJ,Sudeste,22.4,False,Ameno (< 28°C)
dom 17/08/25,20:30,(6.)  Botafogo,0:1,Palmeiras  (2.),2025-08-17,2025-08-17,8,20.0,Noite,6.0,2.0,Botafogo,Palmeiras,0,1,1,0,1,4.0,RJ,Sudeste,SP,Sudeste,23.4,False,Ameno (< 28°C)
seg 18/08/25,20:00,(5.)  Mirassol,1:1,Cruzeiro  (3.),2025-08-18,2025-08-18,8,20.0,Noite,5.0,3.0,Mirassol,Cruzeiro,1,1,2,0,0,2.0,SP,Sudeste,MG,Sudeste,23.6,False,Ameno (< 28°C)
sáb 23/08/25,16:00,(10.)  Bragantino,4:2,Fluminense  (7.),2025-08-23,2025-08-23,8,16.0,Tarde,10.0,7.0,Bragantino,Fluminense,4,2,6,1,0,3.0,SP,Sudeste,RJ,Sudeste,31.2,True,Quente (>= 28°C)
sáb 23/08/25,18:30,(3.)  Cruzeiro,2:1,Internacional  (13.),2025-08-23,2025-08-23,8,18.0,Noite,3.0,13.0,Cruzeiro,Internacional,2,1,3,1,0,-10.0,MG,Sudeste,RS,Sul,26.9,False,Ameno (< 28°C)
sáb 23/08/25,21:00,(14.)  Grêmio,0:0,Ceará  (11.),2025-08-23,2025-08-23,8,21.0,Noite,14.0,11.0,Grêmio,Ceará,0,0,0,0,0,3.0,RS,Sul,CE,Nordeste,22.2,False,Ameno (< 28°C)
dom 24/08/25,16:00,(15.)  Vasco da Gama,2:3,Corinthians  (16.),2025-08-24,2025-08-24,8,16.0,Tarde,15.0,16.0,Vasco da Gama,Corinthians,2,3,5,0,1,-1.0,RJ,Sudeste,SP,Sudeste,24.2,False,Ameno (< 28°C)
dom 24/08/25,16:00,(4.)  Bahia,2:0,Santos  (12.),2025-08-24,2025-08-24,8,16.0,Tarde,4.0,12.0,Bahia,Santos,2,0,2,1,0,-8.0,BA,Nordeste,SP,Sudeste,25.8,False,Ameno (< 28°C)
dom 24/08/25,18:30,(19.)  Fortaleza,0:1,Mirassol  (5.),2025-08-24,2025-08-24,8,18.0,Noite,19.0,5.0,Fortaleza,Mirassol,0,1,1,0,1,14.0,CE,Nordeste,SP,Sudeste,30.1,True,Quente (>= 28°C)
dom 24/08/25,18:30,(18.)  Juventude,1:3,Botafogo  (6.),2025-08-24,2025-08-24,8,18.0,Noite,18.0,6.0,Juventude,Botafogo,1,3,4,0,1,12.0,RS,Sul,RJ,Sudeste,15.3,False,Ameno (< 28°C)
dom 24/08/25,20:30,(8.)  São Paulo,2:0,Atlético-MG  (9.),2025-08-24,2025-08-24,8,20.0,Noite,8.0,9.0,São Paulo,Atlético-MG,2,0,2,1,0,-1.0,SP,Sudeste,MG,Sudeste,21.7,False,Ameno (< 28°C)
seg 25/08/25,19:00,(2.)  Palmeiras,3:0,Sport  (20.),2025-08-25,2025-08-25,8,19.0,Noite,2.0,20.0,Palmeiras,Sport,3,0,3,1,0,-18.0,SP,Sudeste,PE,Nordeste,28.2,True,Quente (>= 28°C)
seg 25/08/25,21:00,(1.)  Flamengo,8:0,Vitória  (17.),2025-08-25,2025-08-25,8,21.0,Noite,1.0,17.0,Flamengo,Vitória,8,0,8,1,0,-16.0,RJ,Sudeste,BA,Nordeste,25.8,False,Ameno (< 28°C)
sáb 30/08/25,16:00,(11.)  Ceará,0:1,Juventude  (18.),2025-08-30,2025-08-30,8,16.0,Tarde,11.0,18.0,Ceará,Juventude,0,1,1,0,1,-7.0,CE,Nordeste,RS,Sul,31.0,True,Quente (>= 28°C)
sáb 30/08/25,18:30,(6.)  Botafogo,4:1,Bragantino  (8.),2025-08-30,2025-08-30,8,18.0,Noite,6.0,8.0,Botafogo,Bragantino,4,1,5,1,0,-2.0,RJ,Sudeste,SP,Sudeste,23.3,False,Ameno (< 28°C)
sáb 30/08/25,21:00,(3.)  Cruzeiro,1:0,São Paulo  (7.),2025-08-30,2025-08-30,8,21.0,Noite,3.0,7.0,Cruzeiro,São Paulo,1,0,1,1,0,-4.0,MG,Sudeste,SP,Sudeste,21.4,False,Ameno (< 28°C)
dom 31/08/25,16:00,(1.)  Flamengo,1:1,Grêmio  (13.),2025-08-31,2025-08-31,8,16.0,Tarde,1.0,13.0,Flamengo,Grêmio,1,1,2,0,0,-12.0,RJ,Sudeste,RS,Sul,23.8,False,Ameno (< 28°C)
dom 31/08/25,16:00,(14.)  Santos,0:0,Fluminense  (9.),2025-08-31,2025-08-31,8,16.0,Tarde,14.0,9.0,Santos,Fluminense,0,0,0,0,0,5.0,SP,Sudeste,RJ,Sudeste,24.2,False,Ameno (< 28°C)
dom 31/08/25,18:30,(12.)  Corinthians,1:1,Palmeiras  (2.),2025-08-31,2025-08-31,8,18.0,Noite,12.0,2.0,Corinthians,Palmeiras,1,1,2,0,0,10.0,SP,Sudeste,SP,Sudeste,24.2,False,Ameno (< 28°C)
dom 31/08/25,18:30,(5.)  Mirassol,5:1,Bahia  (4.),2025-08-31,2025-08-31,8,18.0,Noite,5.0,4.0,Mirassol,Bahia,5,1,6,1,0,1.0,SP,Sudeste,BA,Nordeste,24.2,False,Ameno (< 28°C)
dom 31/08/25,18:30,(17.)  Vitória,1:0,Atlético-MG  (10.),2025-08-31,2025-08-31,8,18.0,Noite,17.0,10.0,Vitória,Atlético-MG,1,0,1,1,0,7.0,BA,Nordeste,MG,Sudeste,26.6,False,Ameno (< 28°C)
dom 31/08/25,20:30,(15.)  Internacional,2:1,Fortaleza  (19.),2025-08-31,2025-08-31,8,20.0,Noite,15.0,19.0,Internacional,Fortaleza,2,1,3,1,0,-4.0,RS,Sul,CE,Nordeste,26.4,False,Ameno (< 28°C)
dom 31/08/25,20:30,(20.)  Sport,2:3,Vasco da Gama  (16.),2025-08-31,2025-08-31,8,20.0,Noite,20.0,16.0,Sport,Vasco da Gama,2,3,5,0,1,4.0,PE,Nordeste,RJ,Sudeste,26.6,False,Ameno (< 28°C)
sáb 13/09/25,16:00,(14.)  Grêmio,0:1,Mirassol  (5.),2025-09-13,2025-09-13,9,16.0,Tarde,14.0,5.0,Grêmio,Mirassol,0,1,1,0,1,9.0,RS,Sul,SP,Sudeste,21.8,False,Ameno (< 28°C)
sáb 13/09/25,16:00,(19.)  Fortaleza,2:0,Vitória  (17.),2025-09-13,2025-09-13,9,16.0,Tarde,19.0,17.0,Fortaleza,Vitória,2,0,2,1,0,2.0,CE,Nordeste,BA,Nordeste,30.0,True,Quente (>= 28°C)
sáb 13/09/25,18:30,(2.)  Palmeiras,4:1,Internacional  (11.),2025-09-13,2025-09-13,9,18.0,Noite,2.0,11.0,Palmeiras,Internacional,4,1,5,1,0,-9.0,SP,Sudeste,RS,Sul,22.8,False,Ameno (< 28°C)
sáb 13/09/25,21:00,(8.)  Fluminense,0:1,Corinthians  (13.),2025-09-13,2025-09-13,9,21.0,Noite,8.0,13.0,Fluminense,Corinthians,0,1,1,0,1,-5.0,RJ,Sudeste,SP,Sudeste,21.9,False,Ameno (< 28°C)
dom 14/09/25,11:00,(9.)  Bragantino,1:1,Sport  (20.),2025-09-14,2025-09-14,9,11.0,Manhã,9.0,20.0,Bragantino,Sport,1,1,2,0,0,-11.0,SP,Sudeste,PE,Nordeste,25.5,False,Ameno (< 28°C)
dom 14/09/25,16:00,(10.)  Atlético-MG,1:1,Santos  (16.),2025-09-14,2025-09-14,9,16.0,Tarde,10.0,16.0,Atlético-MG,Santos,1,1,2,0,0,-6.0,MG,Sudeste,SP,Sudeste,25.2,False,Ameno (< 28°C)
dom 14/09/25,16:00,(18.)  Juventude,0:2,Flamengo  (1.),2025-09-14,2025-09-14,9,16.0,Tarde,18.0,1.0,Juventude,Flamengo,0,2,2,0,1,17.0,RS,Sul,RJ,Sudeste,24.5,False,Ameno (< 28°C)
dom 14/09/25,17:30,(7.)  São Paulo,1:0,Botafogo  (6.),2025-09-14,2025-09-14,9,17.0,Tarde,7.0,6.0,São Paulo,Botafogo,1,0,1,1,0,1.0,SP,Sudeste,RJ,Sudeste,25.5,False,Ameno (< 28°C)
dom 14/09/25,20:30,(15.)  Vasco da Gama,2:2,Ceará  (12.),2025-09-14,2025-09-14,9,20.0,Noite,15.0,12.0,Vasco da Gama,Ceará,2,2,4,0,0,3.0,RJ,Sudeste,CE,Nordeste,22.8,False,Ameno (< 28°C)
seg 15/09/25,20:00,(4.)  Bahia,1:2,Cruzeiro  (3.),2025-09-15,2025-09-15,9,20.0,Noite,4.0,3.0,Bahia,Cruzeiro,1,2,3,0,1,1.0,BA,Nordeste,MG,Sudeste,25.3,False,Ameno (< 28°C)
sáb 20/09/25,16:00,(17.)  Vitória,0:1,Fluminense  (8.),2025-09-20,2025-09-20,9,16.0,Tarde,17.0,8.0,Vitória,Fluminense,0,1,1,0,1,9.0,BA,Nordeste,RJ,Sudeste,26.1,False,Ameno (< 28°C)
sáb 20/09/25,18:30,(6.)  Botafogo,1:0,Atlético-MG  (10.),2025-09-20,2025-09-20,9,18.0,Noite,6.0,10.0,Botafogo,Atlético-MG,1,0,1,1,0,-4.0,RJ,Sudeste,MG,Sudeste,30.4,True,Quente (>= 28°C)
sáb 20/09/25,18:30,(12.)  Ceará,1:1,Bahia  (5.),2025-09-20,2025-09-20,9,18.0,Noite,12.0,5.0,Ceará,Bahia,1,1,2,0,0,7.0,CE,Nordeste,BA,Nordeste,31.1,True,Quente (>= 28°C)
sáb 20/09/25,21:00,(2.)  Palmeiras,4:1,Fortaleza  (19.),2025-09-20,2025-09-20,9,21.0,Noite,2.0,19.0,Palmeiras,Fortaleza,4,1,5,1,0,-17.0,SP,Sudeste,CE,Nordeste,31.1,True,Quente (>= 28°C)
dom 21/09/25,16:00,(4.)  Mirassol,2:0,Juventude  (18.),2025-09-21,2025-09-21,9,16.0,Tarde,4.0,18.0,Mirassol,Juventude,2,0,2,1,0,-14.0,SP,Sudeste,RS,Sul,33.0,True,Quente (>= 28°C)
dom 21/09/25,17:30,(1.)  Flamengo,1:1,Vasco da Gama  (14.),2025-09-21,2025-09-21,9,17.0,Tarde,1.0,14.0,Flamengo,Vasco da Gama,1,1,2,0,0,-13.0,RJ,Sudeste,RJ,Sudeste,36.7,True,Quente (>= 28°C)
dom 21/09/25,17:30,(13.)  Internacional,2:3,Grêmio  (16.),2025-09-21,2025-09-21,9,17.0,Tarde,13.0,16.0,Internacional,Grêmio,2,3,5,0,1,-3.0,RS,Sul,RS,Sul,22.9,False,Ameno (< 28°C)
dom 21/09/25,17:30,(20.)  Sport,1:0,Corinthians  (11.),2025-09-21,2025-09-21,9,17.0,Tarde,20.0,11.0,Sport,Corinthians,1,0,1,1,0,9.0,PE,Nordeste,SP,Sudeste,27.0,False,Ameno (< 28°C)
dom 21/09/25,20:30,(15.)  Santos,1:0,São Paulo  (7.),2025-09-21,2025-09-21,9,20.0,Noite,15.0,7.0,Santos,São Paulo,1,0,1,1,0,8.0,SP,Sudeste,SP,Sudeste,33.0,True,Quente (>= 28°C)
dom 21/09/25,20:30,(3.)  Cruzeiro,2:1,Bragantino  (9.),2025-09-21,2025-09-21,9,20.0,Noite,3.0,9.0,Cruzeiro,Bragantino,2,1,3,1,0,-6.0,MG,Sudeste,SP,Sudeste,30.8,True,Quente (>= 28°C)
sáb 27/09/25,16:00,(19.)  Fortaleza,1:0,Sport  (20.),2025-09-27,2025-09-27,9,16.0,Tarde,19.0,20.0,Fortaleza,Sport,1,0,1,1,0,-1.0,CE,Nordeste,PE,Nordeste,31.1,True,Quente (>= 28°C)
sáb 27/09/25,18:30,(15.)  Vasco da Gama,2:0,Cruzeiro  (3.),2025-09-27,2025-09-27,9,18.0,Noite,15.0,3.0,Vasco da Gama,Cruzeiro,2,0,2,1,0,12.0,RJ,Sudeste,MG,Sudeste,22.2,False,Ameno (< 28°C)
sáb 27/09/25,18:30,(18.)  Juventude,1:1,Internacional  (16.),2025-09-27,2025-09-27,9,18.0,Noite,18.0,16.0,Juventude,Internacional,1,1,2,0,0,2.0,RS,Sul,RS,Sul,26.0,False,Ameno (< 28°C)
sáb 27/09/25,21:00,(11.)  Atlético-MG,1:0,Mirassol  (4.),2025-09-27,2025-09-27,9,21.0,Noite,11.0,4.0,Atlético-MG,Mirassol,1,0,1,1,0,7.0,MG,Sudeste,SP,Sudeste,24.2,False,Ameno (< 28°C)
dom 28/09/25,11:00,(13.)  Grêmio,3:1,Vitória  (17.),2025-09-28,2025-09-28,9,11.0,Manhã,13.0,17.0,Grêmio,Vitória,3,1,4,1,0,-4.0,RS,Sul,BA,Nordeste,22.7,False,Ameno (< 28°C)
dom 28/09/25,16:00,(8.)  Fluminense,2:0,Botafogo  (5.),2025-09-28,2025-09-28,9,16.0,Tarde,8.0,5.0,Fluminense,Botafogo,2,0,2,1,0,3.0,RJ,Sudeste,RJ,Sudeste,26.4,False,Ameno (< 28°C)
dom 28/09/25,16:00,(6.)  Bahia,1:0,Palmeiras  (2.),2025-09-28,2025-09-28,9,16.0,Tarde,6.0,2.0,Bahia,Palmeiras,1,0,1,1,0,4.0,BA,Nordeste,SP,Sudeste,24.4,False,Ameno (< 28°C)
dom 28/09/25,18:30,(9.)  Bragantino,2:2,Santos  (10.),2025-09-28,2025-09-28,9,18.0,Noite,9.0,10.0,Bragantino,Santos,2,2,4,0,0,-1.0,SP,Sudeste,SP,Sudeste,29.6,True,Quente (>= 28°C)
dom 28/09/25,20:30,(12.)  Corinthians,1:2,Flamengo  (1.),2025-09-28,2025-09-28,9,20.0,Noite,12.0,1.0,Corinthians,Flamengo,1,2,3,0,1,11.0,SP,Sudeste,RJ,Sudeste,29.6,True,Quente (>= 28°C)
seg 29/09/25,20:00,(7.)  São Paulo,0:1,Ceará  (14.),2025-09-29,2025-09-29,9,20.0,Noite,7.0,14.0,São Paulo,Ceará,0,1,1,0,1,-7.0,SP,Sudeste,CE,Nordeste,30.1,True,Quente (>= 28°C)
ter 30/09/25,21:30,(10.)  Atlético-MG,0:0,Juventude  (17.),2025-09-30,2025-09-30,9,21.0,Noite,10.0,17.0,Atlético-MG,Juventude,0,0,0,0,0,-7.0,MG,Sudeste,RS,Sul,29.5,True,Quente (>= 28°C)
qua 01/10/25,19:00,(2.)  Palmeiras,3:0,Vasco da Gama  (13.),2025-10-01,2025-10-01,10,19.0,Noite,2.0,13.0,Palmeiras,Vasco da Gama,3,0,3,1,0,-11.0,SP,Sudeste,RJ,Sudeste,28.2,True,Quente (>= 28°C)
qua 01/10/25,19:00,(4.)  Mirassol,1:1,Bragantino  (9.),2025-10-01,2025-10-01,10,19.0,Noite,4.0,9.0,Mirassol,Bragantino,1,1,2,0,0,-5.0,SP,Sudeste,SP,Sudeste,28.2,True,Quente (>= 28°C)
qua 01/10/25,19:00,(20.)  Sport,2:2,Fluminense  (7.),2025-10-01,2025-10-01,10,19.0,Noite,20.0,7.0,Sport,Fluminense,2,2,4,0,0,13.0,PE,Nordeste,RJ,Sudeste,25.9,False,Ameno (< 28°C)
qua 01/10/25,19:30,(16.)  Internacional,1:1,Corinthians  (15.),2025-10-01,2025-10-01,10,19.0,Noite,16.0,15.0,Internacional,Corinthians,1,1,2,0,0,1.0,RS,Sul,SP,Sudeste,22.8,False,Ameno (< 28°C)
qua 01/10/25,21:30,(6.)  Botafogo,2:1,Bahia  (5.),2025-10-01,2025-10-01,10,21.0,Noite,6.0,5.0,Botafogo,Bahia,2,1,3,1,0,1.0,RJ,Sudeste,BA,Nordeste,25.2,False,Ameno (< 28°C)
qua 01/10/25,21:30,(14.)  Santos,1:1,Grêmio  (11.),2025-10-01,2025-10-01,10,21.0,Noite,14.0,11.0,Santos,Grêmio,1,1,2,0,0,3.0,SP,Sudeste,RS,Sul,28.2,True,Quente (>= 28°C)
qui 02/10/25,19:00,(19.)  Vitória,1:0,Ceará  (12.),2025-10-02,2025-10-02,10,19.0,Noite,19.0,12.0,Vitória,Ceará,1,0,1,1,0,7.0,BA,Nordeste,CE,Nordeste,26.7,False,Ameno (< 28°C)
qui 02/10/25,19:30,(18.)  Fortaleza,0:2,São Paulo  (8.),2025-10-02,2025-10-02,10,19.0,Noite,18.0,8.0,Fortaleza,São Paulo,0,2,2,0,1,10.0,CE,Nordeste,SP,Sudeste,31.0,True,Quente (>= 28°C)
qui 02/10/25,20:30,(1.)  Flamengo,0:0,Cruzeiro  (3.),2025-10-02,2025-10-02,10,20.0,Noite,1.0,3.0,Flamengo,Cruzeiro,0,0,0,0,0,-2.0,RJ,Sudeste,MG,Sudeste,25.5,False,Ameno (< 28°C)
sáb 04/10/25,18:30,(7.)  Fluminense,3:0,Atlético-MG  (10.),2025-10-04,2025-10-04,10,18.0,Noite,7.0,10.0,Fluminense,Atlético-MG,3,0,3,1,0,-3.0,RJ,Sudeste,MG,Sudeste,29.7,True,Quente (>= 28°C)
sáb 04/10/25,18:30,(9.)  Bragantino,1:0,Grêmio  (11.),2025-10-04,2025-10-04,10,18.0,Noite,9.0,11.0,Bragantino,Grêmio,1,0,1,1,0,-2.0,SP,Sudeste,RS,Sul,23.9,False,Ameno (< 28°C)
sáb 04/10/25,18:30,(16.)  Internacional,2:0,Botafogo  (5.),2025-10-04,2025-10-04,10,18.0,Noite,16.0,5.0,Internacional,Botafogo,2,0,2,1,0,11.0,RS,Sul,RJ,Sudeste,27.3,False,Ameno (< 28°C)
sáb 04/10/25,21:00,(15.)  Corinthians,3:0,Mirassol  (4.),2025-10-04,2025-10-04,10,21.0,Noite,15.0,4.0,Corinthians,Mirassol,3,0,3,1,0,11.0,SP,Sudeste,SP,Sudeste,23.9,False,Ameno (< 28°C)
dom 05/10/25,16:00,(14.)  Vasco da Gama,4:3,Vitória  (17.),2025-10-05,2025-10-05,10,16.0,Tarde,14.0,17.0,Vasco da Gama,Vitória,4,3,7,1,0,-3.0,RJ,Sudeste,BA,Nordeste,30.7,True,Quente (>= 28°C)
dom 05/10/25,16:00,(8.)  São Paulo,2:3,Palmeiras  (2.),2025-10-05,2025-10-05,10,16.0,Tarde,8.0,2.0,São Paulo,Palmeiras,2,3,5,0,1,6.0,SP,Sudeste,SP,Sudeste,30.7,True,Quente (>= 28°C)
dom 05/10/25,18:30,(6.)  Bahia,1:0,Flamengo  (1.),2025-10-05,2025-10-05,10,18.0,Noite,6.0,1.0,Bahia,Flamengo,1,0,1,1,0,5.0,BA,Nordeste,RJ,Sudeste,26.3,False,Ameno (< 28°C)
dom 05/10/25,18:30,(18.)  Juventude,1:2,Fortaleza  (19.),2025-10-05,2025-10-05,10,18.0,Noite,18.0,19.0,Juventude,Fortaleza,1,2,3,0,1,-1.0,RS,Sul,CE,Nordeste,33.0,True,Quente (>= 28°C)
dom 05/10/25,20:30,(3.)  Cruzeiro,1:1,Sport  (20.),2025-10-05,2025-10-05,10,20.0,Noite,3.0,20.0,Cruzeiro,Sport,1,1,2,0,0,-17.0,MG,Sudeste,PE,Nordeste,26.4,False,Ameno (< 28°C)
dom 05/10/25,20:30,(12.)  Ceará,3:0,Santos  (13.),2025-10-05,2025-10-05,10,20.0,Noite,12.0,13.0,Ceará,Santos,3,0,3,1,0,-1.0,CE,Nordeste,SP,Sudeste,30.9,True,Quente (>= 28°C)
qua 15/10/25,19:00,(1.)  Palmeiras,5:1,Bragantino  (9.),2025-10-15,2025-10-15,10,19.0,Noite,1.0,9.0,Palmeiras,Bragantino,5,1,6,1,0,-8.0,SP,Sudeste,SP,Sudeste,22.7,False,Ameno (< 28°C)
qua 15/10/25,19:30,(6.)  Botafogo,0:3,Flamengo  (2.),2025-10-15,2025-10-15,10,19.0,Noite,6.0,2.0,Botafogo,Flamengo,0,3,3,0,1,4.0,RJ,Sudeste,RJ,Sudeste,23.7,False,Ameno (< 28°C)
qua 15/10/25,20:00,(5.)  Mirassol,3:1,Internacional  (15.),2025-10-15,2025-10-15,10,20.0,Noite,5.0,15.0,Mirassol,Internacional,3,1,4,1,0,-10.0,SP,Sudeste,RS,Sul,22.7,False,Ameno (< 28°C)
qua 15/10/25,20:00,(20.)  Sport,1:1,Ceará  (10.),2025-10-15,2025-10-15,10,20.0,Noite,20.0,10.0,Sport,Ceará,1,1,2,0,0,10.0,PE,Nordeste,CE,Nordeste,27.9,False,Ameno (< 28°C)
qua 15/10/25,21:30,(16.)  Santos,3:1,Corinthians  (12.),2025-10-15,2025-10-15,10,21.0,Noite,16.0,12.0,Santos,Corinthians,3,1,4,1,0,4.0,SP,Sudeste,SP,Sudeste,22.7,False,Ameno (< 28°C)
qua 15/10/25,21:30,(13.)  Atlético-MG,1:1,Cruzeiro  (3.),2025-10-15,2025-10-15,10,21.0,Noite,13.0,3.0,Atlético-MG,Cruzeiro,1,1,2,0,0,10.0,MG,Sudeste,MG,Sudeste,27.0,False,Ameno (< 28°C)
qua 15/10/25,21:30,(17.)  Fortaleza,0:2,Vasco da Gama  (11.),2025-10-15,2025-10-15,10,21.0,Noite,17.0,11.0,Fortaleza,Vasco da Gama,0,2,2,0,1,6.0,CE,Nordeste,RJ,Sudeste,30.5,True,Quente (>= 28°C)
qui 16/10/25,19:00,(14.)  Grêmio,2:0,São Paulo  (8.),2025-10-16,2025-10-16,10,19.0,Noite,14.0,8.0,Grêmio,São Paulo,2,0,2,1,0,6.0,RS,Sul,SP,Sudeste,26.0,False,Ameno (< 28°C)
qui 16/10/25,21:30,(7.)  Fluminense,1:0,Juventude  (19.),2025-10-16,2025-10-16,10,21.0,Noite,7.0,19.0,Fluminense,Juventude,1,0,1,1,0,-12.0,RJ,Sudeste,RS,Sul,25.2,False,Ameno (< 28°C)
qui 16/10/25,21:30,(18.)  Vitória,2:1,Bahia  (4.),2025-10-16,2025-10-16,10,21.0,Noite,18.0,4.0,Vitória,Bahia,2,1,3,1,0,14.0,BA,Nordeste,BA,Nordeste,27.4,False,Ameno (< 28°C)
sáb 18/10/25,18:30,(15.)  Corinthians,1:0,Atlético-MG  (14.),2025-10-18,2025-10-18,10,18.0,Noite,15.0,14.0,Corinthians,Atlético-MG,1,0,1,1,0,1.0,SP,Sudeste,MG,Sudeste,21.6,False,Ameno (< 28°C)
sáb 18/10/25,21:00,(3.)  Cruzeiro,1:0,Fortaleza  (18.),2025-10-18,2025-10-18,10,21.0,Noite,3.0,18.0,Cruzeiro,Fortaleza,1,0,1,1,0,-15.0,MG,Sudeste,CE,Nordeste,31.5,True,Quente (>= 28°C)
dom 19/10/25,16:00,(2.)  Flamengo,3:2,Palmeiras  (1.),2025-10-19,2025-10-19,10,16.0,Tarde,2.0,1.0,Flamengo,Palmeiras,3,2,5,1,0,1.0,RJ,Sudeste,SP,Sudeste,21.5,False,Ameno (< 28°C)
dom 19/10/25,18:30,(4.)  Mirassol,3:0,São Paulo  (8.),2025-10-19,2025-10-19,10,18.0,Noite,4.0,8.0,Mirassol,São Paulo,3,0,3,1,0,-4.0,SP,Sudeste,SP,Sudeste,15.9,False,Ameno (< 28°C)
dom 19/10/25,18:30,(16.)  Internacional,2:0,Sport  (20.),2025-10-19,2025-10-19,10,18.0,Noite,16.0,20.0,Internacional,Sport,2,0,2,1,0,-4.0,RS,Sul,PE,Nordeste,20.2,False,Ameno (< 28°C)
dom 19/10/25,18:30,(12.)  Ceará,0:2,Botafogo  (7.),2025-10-19,2025-10-19,10,18.0,Noite,12.0,7.0,Ceará,Botafogo,0,2,2,0,1,5.0,CE,Nordeste,RJ,Sudeste,30.4,True,Quente (>= 28°C)
dom 19/10/25,20:30,(5.)  Bahia,4:0,Grêmio  (11.),2025-10-19,2025-10-19,10,20.0,Noite,5.0,11.0,Bahia,Grêmio,4,0,4,1,0,-6.0,BA,Nordeste,RS,Sul,30.0,True,Quente (>= 28°C)
seg 20/10/25,19:00,(19.)  Juventude,1:0,Bragantino  (10.),2025-10-20,2025-10-20,10,19.0,Noite,19.0,10.0,Juventude,Bragantino,1,0,1,1,0,9.0,RS,Sul,SP,Sudeste,22.4,False,Ameno (< 28°C)
seg 20/10/25,19:30,(9.)  Vasco da Gama,2:0,Fluminense  (6.),2025-10-20,2025-10-20,10,19.0,Noite,9.0,6.0,Vasco da Gama,Fluminense,2,0,2,1,0,3.0,RJ,Sudeste,RJ,Sudeste,20.5,False,Ameno (< 28°C)
seg 20/10/25,21:30,(13.)  Santos,0:1,Vitória  (17.),2025-10-20,2025-10-20,10,21.0,Noite,13.0,17.0,Santos,Vitória,0,1,1,0,1,-4.0,SP,Sudeste,BA,Nordeste,16.8,False,Ameno (< 28°C)
sáb 25/10/25,16:00,(16.)  Atlético-MG,1:0,Ceará  (13.),2025-10-25,2025-10-25,10,16.0,Tarde,16.0,13.0,Atlético-MG,Ceará,1,0,1,1,0,3.0,MG,Sudeste,CE,Nordeste,25.5,False,Ameno (< 28°C)
sáb 25/10/25,16:00,(17.)  Vitória,0:1,Corinthians  (11.),2025-10-25,2025-10-25,10,16.0,Tarde,17.0,11.0,Vitória,Corinthians,0,1,1,0,1,6.0,BA,Nordeste,SP,Sudeste,27.1,False,Ameno (< 28°C)
sáb 25/10/25,17:30,(7.)  Fluminense,1:0,Internacional  (14.),2025-10-25,2025-10-25,10,17.0,Tarde,7.0,14.0,Fluminense,Internacional,1,0,1,1,0,-7.0,RJ,Sudeste,RS,Sul,27.6,False,Ameno (< 28°C)
sáb 25/10/25,18:30,(20.)  Sport,1:2,Mirassol  (4.),2025-10-25,2025-10-25,10,18.0,Noite,20.0,4.0,Sport,Mirassol,1,2,3,0,1,16.0,PE,Nordeste,SP,Sudeste,28.3,True,Quente (>= 28°C)
sáb 25/10/25,19:30,(19.)  Fortaleza,1:0,Flamengo  (1.),2025-10-25,2025-10-25,10,19.0,Noite,19.0,1.0,Fortaleza,Flamengo,1,0,1,1,0,18.0,CE,Nordeste,RJ,Sudeste,31.3,True,Quente (>= 28°C)
sáb 25/10/25,23:30,(9.)  São Paulo,2:0,Bahia  (5.),2025-10-25,2025-10-25,10,23.0,Noite,9.0,5.0,São Paulo,Bahia,2,0,2,1,0,4.0,SP,Sudeste,BA,Nordeste,28.8,True,Quente (>= 28°C)
dom 26/10/25,16:00,(6.)  Botafogo,2:2,Santos  (15.),2025-10-26,2025-10-26,10,16.0,Tarde,6.0,15.0,Botafogo,Santos,2,2,4,0,0,-9.0,RJ,Sudeste,SP,Sudeste,33.7,True,Quente (>= 28°C)
dom 26/10/25,16:00,(12.)  Grêmio,3:1,Juventude  (18.),2025-10-26,2025-10-26,10,16.0,Tarde,12.0,18.0,Grêmio,Juventude,3,1,4,1,0,-6.0,RS,Sul,RS,Sul,22.6,False,Ameno (< 28°C)
dom 26/10/25,18:30,(10.)  Bragantino,0:3,Vasco da Gama  (8.),2025-10-26,2025-10-26,10,18.0,Noite,10.0,8.0,Bragantino,Vasco da Gama,0,3,3,0,1,2.0,SP,Sudeste,RJ,Sudeste,32.2,True,Quente (>= 28°C)
dom 26/10/25,20:30,(2.)  Palmeiras,0:0,Cruzeiro  (3.),2025-10-26,2025-10-26,10,20.0,Noite,2.0,3.0,Palmeiras,Cruzeiro,0,0,0,0,0,-1.0,SP,Sudeste,MG,Sudeste,32.2,True,Quente (>= 28°C)
sáb 01/11/25,16:00,(16.)  Santos,1:1,Fortaleza  (18.),2025-11-01,2025-11-01,11,16.0,Tarde,16.0,18.0,Santos,Fortaleza,1,1,2,0,0,-2.0,SP,Sudeste,CE,Nordeste,26.9,False,Ameno (< 28°C)
sáb 01/11/25,16:00,(3.)  Cruzeiro,3:1,Vitória  (17.),2025-11-01,2025-11-01,11,16.0,Tarde,3.0,17.0,Cruzeiro,Vitória,3,1,4,1,0,-14.0,MG,Sudeste,BA,Nordeste,28.5,True,Quente (>= 28°C)
sáb 01/11/25,18:00,(4.)  Mirassol,0:0,Botafogo  (7.),2025-11-01,2025-11-01,11,18.0,Noite,4.0,7.0,Mirassol,Botafogo,0,0,0,0,0,-3.0,SP,Sudeste,RJ,Sudeste,26.9,False,Ameno (< 28°C)
sáb 01/11/25,21:00,(1.)  Flamengo,3:0,Sport  (20.),2025-11-01,2025-11-01,11,21.0,Noite,1.0,20.0,Flamengo,Sport,3,0,3,1,0,-19.0,RJ,Sudeste,PE,Nordeste,25.3,False,Ameno (< 28°C)
dom 02/11/25,16:00,(10.)  Corinthians,2:0,Grêmio  (11.),2025-11-02,2025-11-02,11,16.0,Tarde,10.0,11.0,Corinthians,Grêmio,2,0,2,1,0,-1.0,SP,Sudeste,RS,Sul,21.4,False,Ameno (< 28°C)
dom 02/11/25,16:00,(5.)  Bahia,2:1,Bragantino  (13.),2025-11-02,2025-11-02,11,16.0,Tarde,5.0,13.0,Bahia,Bragantino,2,1,3,1,0,-8.0,BA,Nordeste,SP,Sudeste,28.1,True,Quente (>= 28°C)
dom 02/11/25,16:00,(14.)  Ceará,2:0,Fluminense  (6.),2025-11-02,2025-11-02,11,16.0,Tarde,14.0,6.0,Ceará,Fluminense,2,0,2,1,0,8.0,CE,Nordeste,RJ,Sudeste,29.0,True,Quente (>= 28°C)
dom 02/11/25,18:30,(15.)  Internacional,0:0,Atlético-MG  (12.),2025-11-02,2025-11-02,11,18.0,Noite,15.0,12.0,Internacional,Atlético-MG,0,0,0,0,0,3.0,RS,Sul,MG,Sudeste,26.2,False,Ameno (< 28°C)
dom 02/11/25,18:30,(19.)  Juventude,0:2,Palmeiras  (2.),2025-11-02,2025-11-02,11,18.0,Noite,19.0,2.0,Juventude,Palmeiras,0,2,2,0,1,17.0,RS,Sul,SP,Sudeste,26.2,False,Ameno (< 28°C)
dom 02/11/25,20:30,(8.)  Vasco da Gama,0:2,São Paulo  (9.),2025-11-02,2025-11-02,11,20.0,Noite,8.0,9.0,Vasco da Gama,São Paulo,0,2,2,0,1,-1.0,RJ,Sudeste,SP,Sudeste,26.1,False,Ameno (< 28°C)
qua 05/11/25,19:00,(14.)  Bragantino,2:1,Corinthians  (10.),2025-11-05,2025-11-05,11,19.0,Noite,14.0,10.0,Bragantino,Corinthians,2,1,3,1,0,4.0,SP,Sudeste,SP,Sudeste,28.4,True,Quente (>= 28°C)
qua 05/11/25,19:00,(17.)  Vitória,1:0,Internacional  (15.),2025-11-05,2025-11-05,11,19.0,Noite,17.0,15.0,Vitória,Internacional,1,0,1,1,0,2.0,BA,Nordeste,RS,Sul,29.5,True,Quente (>= 28°C)
qua 05/11/25,19:00,(20.)  Sport,0:2,Juventude  (19.),2025-11-05,2025-11-05,11,19.0,Noite,20.0,19.0,Sport,Juventude,0,2,2,0,1,1.0,PE,Nordeste,RS,Sul,28.9,True,Quente (>= 28°C)
qua 05/11/25,19:30,(6.)  Botafogo,3:0,Vasco da Gama  (9.),2025-11-05,2025-11-05,11,19.0,Noite,6.0,9.0,Botafogo,Vasco da Gama,3,0,3,1,0,-3.0,RJ,Sudeste,RJ,Sudeste,31.1,True,Quente (>= 28°C)
qua 05/11/25,20:00,(13.)  Atlético-MG,3:0,Bahia  (5.),2025-11-05,2025-11-05,11,20.0,Noite,13.0,5.0,Atlético-MG,Bahia,3,0,3,1,0,8.0,MG,Sudeste,BA,Nordeste,31.4,True,Quente (>= 28°C)
qua 05/11/25,20:00,(11.)  Grêmio,0:1,Cruzeiro  (3.),2025-11-05,2025-11-05,11,20.0,Noite,11.0,3.0,Grêmio,Cruzeiro,0,1,1,0,1,8.0,RS,Sul,MG,Sudeste,25.3,False,Ameno (< 28°C)
qua 05/11/25,21:30,(8.)  São Paulo,2:2,Flamengo  (1.),2025-11-05,2025-11-05,11,21.0,Noite,8.0,1.0,São Paulo,Flamengo,2,2,4,0,0,7.0,SP,Sudeste,RJ,Sudeste,28.4,True,Quente (>= 28°C)
qui 06/11/25,19:30,(7.)  Fluminense,1:0,Mirassol  (4.),2025-11-06,2025-11-06,11,19.0,Noite,7.0,4.0,Fluminense,Mirassol,1,0,1,1,0,3.0,RJ,Sudeste,SP,Sudeste,23.5,False,Ameno (< 28°C)
qui 06/11/25,20:00,(12.)  Ceará,1:1,Fortaleza  (18.),2025-11-06,2025-11-06,11,20.0,Noite,12.0,18.0,Ceará,Fortaleza,1,1,2,0,0,-6.0,CE,Nordeste,CE,Nordeste,30.8,True,Quente (>= 28°C)
qui 06/11/25,21:30,(2.)  Palmeiras,2:0,Santos  (16.),2025-11-06,2025-11-06,11,21.0,Noite,2.0,16.0,Palmeiras,Santos,2,0,2,1,0,-14.0,SP,Sudeste,SP,Sudeste,21.1,False,Ameno (< 28°C)
sáb 08/11/25,16:00,(20.)  Sport,2:4,Atlético-MG  (11.),2025-11-08,2025-11-08,11,16.0,Tarde,20.0,11.0,Sport,Atlético-MG,2,4,6,0,1,9.0,PE,Nordeste,MG,Sudeste,30.2,True,Quente (>= 28°C)
sáb 08/11/25,18:00,(9.)  Vasco da Gama,1:3,Juventude  (19.),2025-11-08,2025-11-08,11,18.0,Noite,9.0,19.0,Vasco da Gama,Juventude,1,3,4,0,1,-10.0,RJ,Sudeste,RS,Sul,29.9,True,Quente (>= 28°C)
sáb 08/11/25,18:30,(15.)  Internacional,2:2,Bahia  (5.),2025-11-08,2025-11-08,11,18.0,Noite,15.0,5.0,Internacional,Bahia,2,2,4,0,0,10.0,RS,Sul,BA,Nordeste,19.4,False,Ameno (< 28°C)
sáb 08/11/25,21:00,(8.)  São Paulo,0:1,Bragantino  (12.),2025-11-08,2025-11-08,11,21.0,Noite,8.0,12.0,São Paulo,Bragantino,0,1,1,0,1,-4.0,SP,Sudeste,SP,Sudeste,25.5,False,Ameno (< 28°C)
dom 09/11/25,16:00,(10.)  Corinthians,0:1,Ceará  (13.),2025-11-09,2025-11-09,11,16.0,Tarde,10.0,13.0,Corinthians,Ceará,0,1,1,0,1,-3.0,SP,Sudeste,CE,Nordeste,21.0,False,Ameno (< 28°C)
dom 09/11/25,16:00,(3.)  Cruzeiro,0:0,Fluminense  (7.),2025-11-09,2025-11-09,11,16.0,Tarde,3.0,7.0,Cruzeiro,Fluminense,0,0,0,0,0,-4.0,MG,Sudeste,RJ,Sudeste,25.5,False,Ameno (< 28°C)
dom 09/11/25,16:00,(17.)  Vitória,0:0,Botafogo  (6.),2025-11-09,2025-11-09,11,16.0,Tarde,17.0,6.0,Vitória,Botafogo,0,0,0,0,0,11.0,BA,Nordeste,RJ,Sudeste,30.3,True,Quente (>= 28°C)
dom 09/11/25,18:30,(2.)  Flamengo,3:2,Santos  (16.),2025-11-09,2025-11-09,11,18.0,Noite,2.0,16.0,Flamengo,Santos,3,2,5,1,0,-14.0,RJ,Sudeste,SP,Sudeste,22.7,False,Ameno (< 28°C)
dom 09/11/25,20:30,(4.)  Mirassol,2:1,Palmeiras  (1.),2025-11-09,2025-11-09,11,20.0,Noite,4.0,1.0,Mirassol,Palmeiras,2,1,3,1,0,3.0,SP,Sudeste,SP,Sudeste,21.0,False,Ameno (< 28°C)
dom 09/11/25,20:30,(18.)  Fortaleza,2:2,Grêmio  (14.),2025-11-09,2025-11-09,11,20.0,Noite,18.0,14.0,Fortaleza,Grêmio,2,2,4,0,0,4.0,CE,Nordeste,RS,Sul,31.2,True,Quente (>= 28°C)
ter 18/11/25,20:30,(6.)  Botafogo,3:2,Sport  (20.),2025-11-18,2025-11-18,11,20.0,Noite,6.0,20.0,Botafogo,Sport,3,2,5,1,0,-14.0,RJ,Sudeste,PE,Nordeste,29.3,True,Quente (>= 28°C)
qua 19/11/25,21:30,(7.)  Fluminense,2:1,Flamengo  (1.),2025-11-19,2025-11-19,11,21.0,Noite,7.0,1.0,Fluminense,Flamengo,2,1,3,1,0,6.0,RJ,Sudeste,RJ,Sudeste,24.8,False,Ameno (< 28°C)
qua 19/11/25,21:30,(16.)  Santos,1:1,Mirassol  (4.),2025-11-19,2025-11-19,11,21.0,Noite,16.0,4.0,Santos,Mirassol,1,1,2,0,0,12.0,SP,Sudeste,SP,Sudeste,24.4,False,Ameno (< 28°C)
qua 19/11/25,21:30,(14.)  Grêmio,2:0,Vasco da Gama  (10.),2025-11-19,2025-11-19,11,21.0,Noite,14.0,10.0,Grêmio,Vasco da Gama,2,0,2,1,0,4.0,RS,Sul,RJ,Sudeste,24.8,False,Ameno (< 28°C)
qui 20/11/25,16:00,(18.)  Juventude,3:3,Cruzeiro  (3.),2025-11-20,2025-11-20,11,16.0,Tarde,18.0,3.0,Juventude,Cruzeiro,3,3,6,0,0,15.0,RS,Sul,MG,Sudeste,29.3,True,Quente (>= 28°C)
qui 20/11/25,18:00,(5.)  Bahia,2:3,Fortaleza  (19.),2025-11-20,2025-11-20,11,18.0,Noite,5.0,19.0,Bahia,Fortaleza,2,3,5,0,1,-14.0,BA,Nordeste,CE,Nordeste,28.2,True,Quente (>= 28°C)
qui 20/11/25,19:30,(13.)  Corinthians,3:1,São Paulo  (8.),2025-11-20,2025-11-20,11,19.0,Noite,13.0,8.0,Corinthians,São Paulo,3,1,4,1,0,5.0,SP,Sudeste,SP,Sudeste,23.2,False,Ameno (< 28°C)
qui 20/11/25,21:30,(12.)  Ceará,1:2,Internacional  (15.),2025-11-20,2025-11-20,11,21.0,Noite,12.0,15.0,Ceará,Internacional,1,2,3,0,1,-3.0,CE,Nordeste,RS,Sul,30.7,True,Quente (>= 28°C)
qua 03/12/25,19:00,(11.)  Bragantino,4:0,Vitória  (17.),2025-12-03,2025-12-03,12,19.0,Noite,11.0,17.0,Bragantino,Vitória,4,0,4,1,0,-6.0,SP,Sudeste,BA,Nordeste,29.3,True,Quente (>= 28°C)
qua 03/12/25,21:30,(9.)  Atlético-MG,0:3,Palmeiras  (2.),2025-12-03,2025-12-03,12,21.0,Noite,9.0,2.0,Atlético-MG,Palmeiras,0,3,3,0,1,7.0,MG,Sudeste,SP,Sudeste,26.1,False,Ameno (< 28°C)
sáb 22/11/25,19:30,(5.)  Botafogo,3:2,Grêmio  (12.),2025-11-22,2025-11-22,11,19.0,Noite,5.0,12.0,Botafogo,Grêmio,3,2,5,1,0,-7.0,RJ,Sudeste,RS,Sul,31.9,True,Quente (>= 28°C)
sáb 22/11/25,21:30,(2.)  Flamengo,3:0,Bragantino  (8.),2025-11-22,2025-11-22,11,21.0,Noite,2.0,8.0,Flamengo,Bragantino,3,0,3,1,0,-6.0,RJ,Sudeste,SP,Sudeste,31.9,True,Quente (>= 28°C)
sáb 22/11/25,21:30,(1.)  Palmeiras,0:0,Fluminense  (6.),2025-11-22,2025-11-22,11,21.0,Noite,1.0,6.0,Palmeiras,Fluminense,0,0,0,0,0,-5.0,SP,Sudeste,RJ,Sudeste,29.4,True,Quente (>= 28°C)
dom 23/11/25,16:00,(10.)  São Paulo,2:1,Juventude  (19.),2025-11-23,2025-11-23,11,16.0,Tarde,10.0,19.0,São Paulo,Juventude,2,1,3,1,0,-9.0,SP,Sudeste,RS,Sul,25.5,False,Ameno (< 28°C)
dom 23/11/25,16:00,(7.)  Bahia,1:0,Vasco da Gama  (13.),2025-11-23,2025-11-23,11,16.0,Tarde,7.0,13.0,Bahia,Vasco da Gama,1,0,1,1,0,-6.0,BA,Nordeste,RJ,Sudeste,28.0,True,Quente (>= 28°C)
dom 23/11/25,18:30,(20.)  Sport,1:3,Vitória  (17.),2025-11-23,2025-11-23,11,18.0,Noite,20.0,17.0,Sport,Vitória,1,3,4,0,1,3.0,PE,Nordeste,BA,Nordeste,29.6,True,Quente (>= 28°C)
dom 23/11/25,20:30,(3.)  Cruzeiro,3:0,Corinthians  (9.),2025-11-23,2025-11-23,11,20.0,Noite,3.0,9.0,Cruzeiro,Corinthians,3,0,3,1,0,-6.0,MG,Sudeste,SP,Sudeste,25.0,False,Ameno (< 28°C)
seg 24/11/25,19:00,(4.)  Mirassol,3:0,Ceará  (14.),2025-11-24,2025-11-24,11,19.0,Noite,4.0,14.0,Mirassol,Ceará,3,0,3,1,0,-10.0,SP,Sudeste,CE,Nordeste,23.0,False,Ameno (< 28°C)
seg 24/11/25,21:00,(15.)  Internacional,1:1,Santos  (16.),2025-11-24,2025-11-24,11,21.0,Noite,15.0,16.0,Internacional,Santos,1,1,2,0,0,-1.0,RS,Sul,SP,Sudeste,25.1,False,Ameno (< 28°C)
dom 30/11/25,18:30,(18.)  Fortaleza,1:0,Atlético-MG  (11.),2025-11-30,2025-11-30,11,18.0,Noite,18.0,11.0,Fortaleza,Atlético-MG,1,0,1,1,0,7.0,CE,Nordeste,MG,Sudeste,30.8,True,Quente (>= 28°C)
ter 25/11/25,21:30,(11.)  Atlético-MG,1:1,Flamengo  (1.),2025-11-25,2025-11-25,11,21.0,Noite,11.0,1.0,Atlético-MG,Flamengo,1,1,2,0,0,10.0,MG,Sudeste,RJ,Sudeste,26.5,False,Ameno (< 28°C)
ter 25/11/25,21:30,(12.)  Grêmio,3:2,Palmeiras  (2.),2025-11-25,2025-11-25,11,21.0,Noite,12.0,2.0,Grêmio,Palmeiras,3,2,5,1,0,10.0,RS,Sul,SP,Sudeste,28.9,True,Quente (>= 28°C)
qua 26/11/25,19:00,(9.)  Bragantino,0:1,Fortaleza  (18.),2025-11-26,2025-11-26,11,19.0,Noite,9.0,18.0,Bragantino,Fortaleza,0,1,1,0,1,-9.0,SP,Sudeste,CE,Nordeste,22.4,False,Ameno (< 28°C)
qui 27/11/25,20:30,(7.)  Fluminense,6:0,São Paulo  (8.),2025-11-27,2025-11-27,11,20.0,Noite,7.0,8.0,Fluminense,São Paulo,6,0,6,1,0,-1.0,RJ,Sudeste,SP,Sudeste,24.3,False,Ameno (< 28°C)
sex 28/11/25,19:00,(19.)  Juventude,1:1,Bahia  (6.),2025-11-28,2025-11-28,11,19.0,Noite,19.0,6.0,Juventude,Bahia,1,1,2,0,0,13.0,RS,Sul,BA,Nordeste,31.5,True,Quente (>= 28°C)
sex 28/11/25,19:30,(13.)  Vasco da Gama,5:1,Internacional  (15.),2025-11-28,2025-11-28,11,19.0,Noite,13.0,15.0,Vasco da Gama,Internacional,5,1,6,1,0,-2.0,RJ,Sudeste,RS,Sul,27.2,False,Ameno (< 28°C)
sex 28/11/25,21:30,(16.)  Santos,3:0,Sport  (20.),2025-11-28,2025-11-28,11,21.0,Noite,16.0,20.0,Santos,Sport,3,0,3,1,0,-4.0,SP,Sudeste,PE,Nordeste,30.3,True,Quente (>= 28°C)
sáb 29/11/25,16:00,(17.)  Vitória,2:0,Mirassol  (4.),2025-11-29,2025-11-29,11,16.0,Tarde,17.0,4.0,Vitória,Mirassol,2,0,2,1,0,13.0,BA,Nordeste,SP,Sudeste,28.6,True,Quente (>= 28°C)
sáb 29/11/25,21:00,(14.)  Ceará,1:1,Cruzeiro  (3.),2025-11-29,2025-11-29,11,21.0,Noite,14.0,3.0,Ceará,Cruzeiro,1,1,2,0,0,11.0,CE,Nordeste,MG,Sudeste,30.9,True,Quente (>= 28°C)
dom 30/11/25,16:00,(10.)  Corinthians,2:2,Botafogo  (5.),2025-11-30,2025-11-30,11,16.0,Tarde,10.0,5.0,Corinthians,Botafogo,2,2,4,0,0,5.0,SP,Sudeste,RJ,Sudeste,34.0,True,Quente (>= 28°C)
dom 16/11/25,19:00,(12.)  Bragantino,2:0,Atlético-MG  (13.),2025-11-16,2025-11-16,11,19.0,Noite,12.0,13.0,Bragantino,Atlético-MG,2,0,2,1,0,-1.0,SP,Sudeste,MG,Sudeste,24.2,False,Ameno (< 28°C)
qua 19/11/25,19:30,(2.)  Palmeiras,0:0,Vitória  (17.),2025-11-19,2025-11-19,11,19.0,Noite,2.0,17.0,Palmeiras,Vitória,0,0,0,0,0,-15.0,SP,Sudeste,BA,Nordeste,24.4,False,Ameno (< 28°C)
ter 02/12/25,19:00,(11.)  Vasco da Gama,0:2,Mirassol  (4.),2025-12-02,2025-12-02,12,19.0,Noite,11.0,4.0,Vasco da Gama,Mirassol,0,2,2,0,1,7.0,RJ,Sudeste,SP,Sudeste,30.6,True,Quente (>= 28°C)
ter 02/12/25,21:30,(10.)  Grêmio,1:2,Fluminense  (6.),2025-12-02,2025-12-02,12,21.0,Noite,10.0,6.0,Grêmio,Fluminense,1,2,3,0,1,4.0,RS,Sul,RJ,Sudeste,29.9,True,Quente (>= 28°C)
qua 03/12/25,19:00,(18.)  Fortaleza,2:1,Corinthians  (9.),2025-12-03,2025-12-03,12,19.0,Noite,18.0,9.0,Fortaleza,Corinthians,2,1,3,1,0,9.0,CE,Nordeste,SP,Sudeste,31.2,True,Quente (>= 28°C)
qua 03/12/25,19:30,(19.)  Juventude,0:3,Santos  (15.),2025-12-03,2025-12-03,12,19.0,Noite,19.0,15.0,Juventude,Santos,0,3,3,0,1,4.0,RS,Sul,SP,Sudeste,27.2,False,Ameno (< 28°C)
qua 03/12/25,20:00,(8.)  São Paulo,3:0,Internacional  (16.),2025-12-03,2025-12-03,12,20.0,Noite,8.0,16.0,São Paulo,Internacional,3,0,3,1,0,-8.0,SP,Sudeste,RS,Sul,29.3,True,Quente (>= 28°C)
qua 03/12/25,20:00,(7.)  Bahia,2:0,Sport  (20.),2025-12-03,2025-12-03,12,20.0,Noite,7.0,20.0,Bahia,Sport,2,0,2,1,0,-13.0,BA,Nordeste,PE,Nordeste,29.4,True,Quente (>= 28°C)
qua 03/12/25,21:30,(1.)  Flamengo,1:0,Ceará  (14.),2025-12-03,2025-12-03,12,21.0,Noite,1.0,14.0,Flamengo,Ceará,1,0,1,1,0,-13.0,RJ,Sudeste,CE,Nordeste,27.2,False,Ameno (< 28°C)
qui 04/12/25,19:30,(3.)  Cruzeiro,2:2,Botafogo  (5.),2025-12-04,2025-12-04,12,19.0,Noite,3.0,5.0,Cruzeiro,Botafogo,2,2,4,0,0,-2.0,MG,Sudeste,RJ,Sudeste,23.6,False,Ameno (< 28°C)
sáb 06/12/25,18:30,(4.)  Mirassol,3:3,Flamengo  (1.),2025-12-06,2025-12-06,12,18.0,Noite,4.0,1.0,Mirassol,Flamengo,3,3,6,0,0,3.0,SP,Sudeste,RJ,Sudeste,32.1,True,Quente (>= 28°C)
dom 07/12/25,16:00,(5.)  Fluminense,2:0,Bahia  (6.),2025-12-07,2025-12-07,12,16.0,Tarde,5.0,6.0,Fluminense,Bahia,2,0,2,1,0,-1.0,RJ,Sudeste,BA,Nordeste,29.5,True,Quente (>= 28°C)
dom 07/12/25,16:00,(7.)  Botafogo,4:2,Fortaleza  (16.),2025-12-07,2025-12-07,12,16.0,Tarde,7.0,16.0,Botafogo,Fortaleza,4,2,6,1,0,-9.0,RJ,Sudeste,CE,Nordeste,29.5,True,Quente (>= 28°C)
dom 07/12/25,16:00,(10.)  Corinthians,1:1,Juventude  (19.),2025-12-07,2025-12-07,12,16.0,Tarde,10.0,19.0,Corinthians,Juventude,1,1,2,0,0,-9.0,SP,Sudeste,RS,Sul,32.1,True,Quente (>= 28°C)
dom 07/12/25,16:00,(14.)  Santos,3:0,Cruzeiro  (3.),2025-12-07,2025-12-07,12,16.0,Tarde,14.0,3.0,Santos,Cruzeiro,3,0,3,1,0,11.0,SP,Sudeste,MG,Sudeste,32.1,True,Quente (>= 28°C)
dom 07/12/25,16:00,(13.)  Atlético-MG,5:0,Vasco da Gama  (12.),2025-12-07,2025-12-07,12,16.0,Tarde,13.0,12.0,Atlético-MG,Vasco da Gama,5,0,5,1,0,1.0,MG,Sudeste,RJ,Sudeste,27.6,False,Ameno (< 28°C)
dom 07/12/25,16:00,(18.)  Internacional,3:1,Bragantino  (9.),2025-12-07,2025-12-07,12,16.0,Tarde,18.0,9.0,Internacional,Bragantino,3,1,4,1,0,9.0,RS,Sul,SP,Sudeste,34.8,True,Quente (>= 28°C)
dom 07/12/25,16:00,(17.)  Vitória,1:0,São Paulo  (8.),2025-12-07,2025-12-07,12,16.0,Tarde,17.0,8.0,Vitória,São Paulo,1,0,1,1,0,9.0,BA,Nordeste,SP,Sudeste,29.8,True,Quente (>= 28°C)
dom 07/12/25,16:00,(15.)  Ceará,1:3,Palmeiras  (2.),2025-12-07,2025-12-07,12,16.0,Tarde,15.0,2.0,Ceará,Palmeiras,1,3,4,0,1,13.0,CE,Nordeste,SP,Sudeste,31.1,True,Quente (>= 28°C)
dom 07/12/25,16:00,(20.)  Sport,0:4,Grêmio  (11.),2025-12-07,2025-12-07,12,16.0,Tarde,20.0,11.0,Sport,Grêmio,0,4,4,0,1,9.0,PE,Nordeste,RS,Sul,29.7,True,Quente (>= 28°C)
